country,subject,source,dateS,count
Chine,Général,Gucheng,2016-05-06,76
Chine,Général,Gucheng,2016-05-08,60
Chine,Général,Gucheng,2016-05-09,70
Chine,Général,Gucheng,2016-05-10,101
Chine,Général,Gucheng,2016-05-11,109
Chine,Général,Gucheng,2016-05-12,97
Chine,Général,Gucheng,2016-05-13,104
Chine,Général,Gucheng,2016-05-14,56
Chine,Général,Gucheng,2016-05-15,52
Chine,Général,Gucheng,2016-05-16,124
Chine,Général,Gucheng,2016-05-17,76
Chine,Général,Gucheng,2016-05-18,121
Chine,Général,Gucheng,2016-05-19,113
Chine,Général,Gucheng,2016-05-20,106
Chine,Général,Gucheng,2016-05-21,31
Chine,Général,Gucheng,2016-05-22,41
Chine,Général,Gucheng,2016-05-23,125
Chine,Général,Gucheng,2016-05-24,132
Chine,Général,Gucheng,2016-05-25,103
Chine,Général,Gucheng,2016-05-26,116
Chine,Général,Gucheng,2016-05-27,99
Chine,Général,Gucheng,2016-05-28,180
Chine,Général,Gucheng,2016-06-04,87
Chine,Général,Gucheng,2016-06-05,33
Chine,Général,Gucheng,2016-06-06,205
Chine,Général,Gucheng,2016-06-07,107
Chine,Général,Gucheng,2016-06-08,94
Chine,Général,Gucheng,2016-06-09,70
Chine,Général,Gucheng,2016-06-10,68
Chine,Général,Gucheng,2016-06-11,112
Chine,Général,Gucheng,2016-06-14,130
Chine,Général,Gucheng,2016-06-15,120
Chine,Général,Gucheng,2016-06-16,157
Chine,Général,Gucheng,2016-06-21,127
Chine,Général,Gucheng,2016-06-22,142
Chine,Général,Gucheng,2016-06-23,87
Chine,Général,Gucheng,2016-06-24,91
Chine,Général,Gucheng,2016-06-25,62
Chine,Général,Gucheng,2016-06-26,98
Chine,Général,Gucheng,2016-06-27,121
Chine,Général,Gucheng,2016-06-28,120
Chine,Général,Gucheng,2016-06-29,125
Chine,Général,Gucheng,2016-06-30,91
Chine,Général,Gucheng,2016-07-02,41
Chine,Général,Gucheng,2016-07-03,86
Chine,Général,Gucheng,2016-07-23,88
Chine,Général,Gucheng,2016-07-25,146
Chine,Général,Gucheng,2016-07-26,125
Chine,Général,Gucheng,2016-07-27,158
Chine,Général,Gucheng,2016-07-29,91
Chine,Général,Gucheng,2016-07-30,105
Chine,Général,Gucheng,2016-08-01,108
Chine,Général,Gucheng,2016-08-02,123
Chine,Général,Gucheng,2016-08-03,128
Chine,Général,Gucheng,2016-08-04,122
Chine,Général,Gucheng,2016-08-05,92
Chine,Général,Gucheng,2016-08-06,54
Chine,Général,Gucheng,2016-08-07,127
Chine,Général,Gucheng,2016-08-09,131
Chine,Général,Gucheng,2016-08-10,119
Chine,Général,Gucheng,2016-08-11,83
Chine,Général,Gucheng,2016-08-12,102
Chine,Général,Gucheng,2016-08-13,38
Chine,Général,Gucheng,2016-08-14,111
Chine,Général,Gucheng,2016-08-15,75
Chine,Général,Gucheng,2016-08-16,109
Chine,Général,Gucheng,2016-08-17,133
Chine,Général,Gucheng,2016-08-18,119
Chine,Général,Gucheng,2016-08-19,85
Chine,Général,Gucheng,2016-08-20,13
Chine,Général,Gucheng,2016-08-21,80
Chine,Général,Gucheng,2016-08-22,140
Chine,Général,Gucheng,2016-08-23,160
Chine,Général,Gucheng,2016-08-24,139
Chine,Général,Gucheng,2016-08-25,131
Chine,Général,Gucheng,2016-08-26,98
Chine,Général,Gucheng,2016-08-27,28
Chine,Général,Gucheng,2016-08-28,87
Chine,Général,Gucheng,2016-08-29,130
Chine,Général,Gucheng,2016-08-30,135
Chine,Général,Gucheng,2016-08-31,161
Chine,Général,Gucheng,2016-09-01,189
Chine,Général,Gucheng,2016-09-06,225
Chine,Général,Gucheng,2016-09-07,152
Chine,Général,Gucheng,2016-09-08,141
Chine,Général,Gucheng,2016-09-09,99
Chine,Général,Gucheng,2016-09-10,213
Chine,Général,Gucheng,2016-09-17,116
Chine,Général,Gucheng,2016-09-18,135
Chine,Général,Gucheng,2016-09-19,246
Chine,Général,Gucheng,2016-09-20,169
Chine,Général,Gucheng,2016-09-21,68
Chine,Général,Gucheng,2016-09-22,212
Chine,Général,Gucheng,2016-09-23,232
Chine,Général,Gucheng,2016-09-24,69
Chine,Général,Gucheng,2016-09-25,81
Chine,Général,Gucheng,2016-09-26,128
Chine,Général,Gucheng,2016-09-27,143
Chine,Général,Gucheng,2016-09-28,146
Chine,Général,Gucheng,2016-09-29,100
Chine,Général,Gucheng,2016-09-30,113
Chine,Général,Gucheng,2016-10-01,47
Chine,Général,Gucheng,2016-10-02,50
Chine,Général,Gucheng,2016-10-03,41
Chine,Général,Gucheng,2016-10-04,49
Chine,Général,Gucheng,2016-10-05,66
Chine,Général,Gucheng,2016-10-06,39
Chine,Général,Gucheng,2016-10-07,54
Chine,Général,Gucheng,2016-10-08,149
Chine,Général,Gucheng,2016-10-09,132
Chine,Général,Gucheng,2016-10-10,173
Chine,Général,Gucheng,2016-10-11,144
Chine,Général,Gucheng,2016-10-12,223
Chine,Général,Gucheng,2016-10-13,140
Chine,Général,Gucheng,2016-10-14,174
Chine,Général,Gucheng,2016-10-15,97
Chine,Général,Gucheng,2016-10-16,34
Chine,Général,Gucheng,2016-10-17,304
Chine,Général,Gucheng,2016-10-20,96
Chine,Général,Gucheng,2016-10-21,115
Chine,Général,Gucheng,2016-10-22,49
Chine,Général,Gucheng,2016-10-23,40
Chine,Général,Gucheng,2016-10-24,227
Chine,Général,Gucheng,2016-10-25,105
Chine,Général,Gucheng,2016-10-26,91
Chine,Général,Gucheng,2016-10-27,180
Chine,Général,Gucheng,2016-10-28,105
Chine,Général,Gucheng,2016-10-29,99
Chine,Général,Gucheng,2016-10-30,116
Chine,Général,Gucheng,2016-10-31,174
Chine,Général,Gucheng,2016-11-01,103
Chine,Général,Gucheng,2016-11-02,198
Chine,Général,Gucheng,2016-11-04,103
Chine,Général,Gucheng,2016-11-05,152
Chine,Général,Gucheng,2016-11-07,89
Chine,Général,Gucheng,2016-11-08,160
Chine,Général,Gucheng,2016-11-09,101
Chine,Général,Gucheng,2016-11-14,254
Chine,Général,Gucheng,2016-11-15,171
Chine,Général,Gucheng,2016-11-16,101
Chine,Général,Gucheng,2016-11-17,136
Chine,Général,Gucheng,2016-11-18,47
Chine,Général,Gucheng,2016-11-19,108
Chine,Général,Gucheng,2016-11-20,23
Chine,Général,Gucheng,2016-11-21,221
Chine,Général,Gucheng,2016-11-22,110
Chine,Général,Gucheng,2016-11-23,185
Chine,Général,Gucheng,2016-11-24,172
Chine,Général,Gucheng,2016-11-25,161
Chine,Général,Gucheng,2016-11-26,77
Chine,Général,Gucheng,2016-11-27,56
Chine,Général,Gucheng,2016-11-28,217
Chine,Général,Gucheng,2016-11-29,146
Chine,Général,Gucheng,2016-11-30,132
Chine,Général,Gucheng,2016-12-01,157
Chine,Général,Gucheng,2016-12-02,109
Chine,Général,Gucheng,2016-12-03,37
Chine,Général,Gucheng,2016-12-04,47
Chine,Général,Gucheng,2016-12-05,83
Chine,Général,Gucheng,2016-12-06,192
Chine,Général,Gucheng,2016-12-07,153
Chine,Général,Gucheng,2016-12-08,111
Chine,Général,Gucheng,2016-12-09,126
Chine,Général,Gucheng,2016-12-10,55
Chine,Général,Gucheng,2016-12-12,81
Chine,Général,Gucheng,2016-12-13,63
Chine,Général,Gucheng,2016-12-17,53
Chine,Général,Gucheng,2016-12-18,123
Chine,Général,Gucheng,2016-12-19,134
Chine,Général,Gucheng,2016-12-20,96
Chine,Général,Gucheng,2016-12-21,162
Chine,Général,Gucheng,2016-12-22,194
Chine,Général,Gucheng,2016-12-23,198
Chine,Général,Gucheng,2016-12-24,163
Chine,Général,Gucheng,2016-12-26,189
Chine,Général,Gucheng,2016-12-27,202
Chine,Général,Gucheng,2016-12-28,216
Chine,Général,Gucheng,2016-12-29,207
Chine,Général,Gucheng,2016-12-30,44
Chine,Général,Gucheng,2016-12-31,57
Chine,Général,Gucheng,2017-01-01,57
Chine,Général,Gucheng,2017-01-02,135
Chine,Général,Gucheng,2017-01-03,176
Chine,Général,Gucheng,2017-01-04,208
Chine,Général,Gucheng,2017-01-05,209
Chine,Général,Gucheng,2017-01-06,202
Chine,Général,Gucheng,2017-01-07,47
Chine,Général,Gucheng,2017-01-08,110
Chine,Général,Gucheng,2017-01-09,113
Chine,Général,Gucheng,2017-01-10,108
Chine,Général,Gucheng,2017-01-11,173
Chine,Général,Gucheng,2017-01-13,216
Chine,Général,Gucheng,2017-01-14,62
Chine,Général,Gucheng,2017-01-15,127
Chine,Général,Gucheng,2017-01-16,204
Chine,Général,Gucheng,2017-01-17,206
Chine,Général,Gucheng,2017-01-18,194
Chine,Général,Gucheng,2017-01-19,136
Chine,Général,Gucheng,2017-01-20,73
Chine,Général,Gucheng,2017-01-21,125
Chine,Général,Gucheng,2017-01-22,173
Chine,Général,Gucheng,2017-01-23,193
Chine,Général,Gucheng,2017-01-24,155
Chine,Général,Gucheng,2017-01-25,78
Chine,Général,Gucheng,2017-01-26,96
Chine,Général,Gucheng,2017-01-27,69
Chine,Général,Gucheng,2017-01-28,101
Chine,Général,Gucheng,2017-01-29,101
Chine,Général,Gucheng,2017-01-30,78
Chine,Général,Gucheng,2017-01-31,31
Chine,Général,Gucheng,2017-02-01,101
Chine,Général,Gucheng,2017-02-02,93
Chine,Général,Gucheng,2017-02-03,129
Chine,Général,Gucheng,2017-02-04,185
Chine,Général,Gucheng,2017-02-05,189
Chine,Général,Gucheng,2017-02-06,150
Chine,Général,Gucheng,2017-02-16,112
Chine,Général,Gucheng,2017-02-17,194
Chine,Général,Gucheng,2017-02-18,24
Chine,Général,Gucheng,2017-02-19,127
Chine,Général,Gucheng,2017-02-20,186
Chine,Général,Gucheng,2017-02-21,179
Chine,Général,Gucheng,2017-02-22,209
Chine,Général,Gucheng,2017-02-23,77
Chine,Général,Gucheng,2017-02-24,207
Chine,Général,Gucheng,2017-02-25,98
Chine,Général,Gucheng,2017-02-26,135
Chine,Général,Gucheng,2017-02-27,196
Chine,Général,Gucheng,2017-02-28,198
Chine,Général,Gucheng,2017-03-01,217
Chine,Général,Gucheng,2017-03-02,191
Chine,Général,Gucheng,2017-03-03,158
Chine,Général,Gucheng,2017-03-22,91
Chine,Général,Gucheng,2017-03-23,197
Chine,Général,Gucheng,2017-03-24,132
Chine,Général,Gucheng,2017-03-25,109
Chine,Général,Gucheng,2017-03-26,135
Chine,Général,Gucheng,2017-03-27,201
Chine,Général,Gucheng,2017-03-28,190
Chine,Général,Gucheng,2017-03-29,193
Chine,Général,Gucheng,2017-03-30,185
Chine,Général,Gucheng,2017-03-31,165
Chine,Général,Gucheng,2017-04-01,117
Chine,Général,Gucheng,2017-04-02,91
Chine,Général,Gucheng,2017-04-03,102
Chine,Général,Gucheng,2017-04-04,113
Chine,Général,Gucheng,2017-04-05,184
Chine,Général,Gucheng,2017-04-06,194
Chine,Général,Gucheng,2017-04-07,184
Chine,Général,Gucheng,2017-04-08,114
Chine,Général,Gucheng,2017-04-09,121
Chine,Général,Gucheng,2017-04-10,201
Chine,Général,Gucheng,2017-04-11,198
Chine,Général,Gucheng,2017-04-12,185
Chine,Général,Gucheng,2017-04-13,210
Chine,Général,Gucheng,2017-04-14,191
Chine,Général,Gucheng,2017-04-15,98
Chine,Général,Gucheng,2017-04-16,132
Chine,Général,Gucheng,2017-04-17,211
Chine,Général,Gucheng,2017-04-18,187
Chine,Général,Gucheng,2017-04-19,172
Chine,Général,Gucheng,2017-04-20,166
Chine,Général,Gucheng,2017-04-21,164
Chine,Général,Gucheng,2017-04-22,84
Chine,Général,Gucheng,2017-04-23,90
Chine,Général,Gucheng,2017-04-24,181
Chine,Général,Gucheng,2017-04-25,180
Chine,Général,Gucheng,2017-04-26,174
Chine,Général,Gucheng,2017-04-27,179
Chine,Général,Gucheng,2017-04-28,135
Chine,Général,Gucheng,2017-04-29,12
Chine,Général,Gucheng,2017-04-30,87
Chine,Général,Gucheng,2017-05-01,104
Chine,Général,Gucheng,2017-05-02,184
Chine,Général,Gucheng,2017-05-03,161
Chine,Général,Gucheng,2017-05-04,97
Chine,Général,Gucheng,2017-05-05,79
Chine,Général,Gucheng,2017-05-06,9
Chine,Général,Gucheng,2017-05-07,322
Chine,Général,Gucheng,2017-05-08,233
Chine,Général,Gucheng,2017-05-09,502
Chine,Général,Gucheng,2017-05-10,213
Chine,Général,Gucheng,2017-05-11,422
Chine,Général,Gucheng,2017-05-12,316
Chine,Général,Gucheng,2017-05-13,131
Chine,Général,Gucheng,2017-05-14,220
Chine,Général,Gucheng,2017-05-15,300
Chine,Général,Gucheng,2017-05-16,325
Chine,Général,Gucheng,2017-05-17,319
Chine,Général,Gucheng,2017-05-18,370
Chine,Général,Gucheng,2017-05-19,388
Chine,Général,Gucheng,2017-05-20,117
Chine,Général,Gucheng,2017-05-21,197
Chine,Général,Gucheng,2017-05-22,396
Chine,Général,Gucheng,2017-05-23,290
Chine,Général,Gucheng,2017-05-24,408
Chine,Général,Gucheng,2017-05-25,372
Chine,Général,Gucheng,2017-05-26,349
Chine,Général,Gucheng,2017-05-27,221
Chine,Général,Gucheng,2017-05-28,84
Chine,Général,Gucheng,2017-05-29,87
Chine,Général,Gucheng,2017-05-30,215
Chine,Général,Gucheng,2017-05-31,366
Chine,Général,Gucheng,2017-06-01,339
Chine,Général,Gucheng,2017-06-02,316
Chine,Général,Gucheng,2017-06-03,181
Chine,Général,Gucheng,2017-06-04,162
Chine,Général,Gucheng,2017-06-05,357
Chine,Général,Gucheng,2017-06-06,352
Chine,Général,Gucheng,2017-06-07,308
Chine,Général,Gucheng,2017-06-08,331
Chine,Général,Gucheng,2017-06-09,305
Chine,Général,Gucheng,2017-06-10,112
Chine,Général,Gucheng,2017-06-11,202
Chine,Général,Gucheng,2017-06-12,304
Chine,Général,Gucheng,2017-06-13,258
Chine,Général,Gucheng,2017-06-14,471
Chine,Général,Gucheng,2017-06-15,61
Chine,Général,Gucheng,2017-06-16,313
Chine,Général,Gucheng,2017-06-17,77
Chine,Général,Gucheng,2017-06-18,189
Chine,Général,Gucheng,2017-06-19,311
Chine,Général,Gucheng,2017-06-20,244
Chine,Général,Gucheng,2017-06-21,261
Chine,Général,Gucheng,2017-06-22,289
Chine,Général,Gucheng,2017-06-23,242
Chine,Général,Gucheng,2017-06-24,126
Chine,Général,Gucheng,2017-06-25,174
Chine,Général,Gucheng,2017-06-26,279
Chine,Général,Gucheng,2017-06-27,313
Chine,Général,Gucheng,2017-06-28,294
Chine,Général,Gucheng,2017-06-29,307
Chine,Général,Gucheng,2017-06-30,260
Chine,Général,Gucheng,2017-07-01,111
Chine,Général,Gucheng,2017-07-02,257
Chine,Général,Gucheng,2017-07-03,242
Chine,Général,Gucheng,2017-07-04,409
Chine,Général,Gucheng,2017-07-05,421
Chine,Général,Gucheng,2017-07-06,407
Chine,Général,Gucheng,2017-07-07,313
Chine,Général,Gucheng,2017-07-08,145
Chine,Général,Gucheng,2017-07-09,230
Chine,Général,Gucheng,2017-07-10,379
Chine,Général,Gucheng,2017-07-11,360
Chine,Général,Gucheng,2017-07-12,361
Chine,Général,Gucheng,2017-07-13,375
Chine,Général,Gucheng,2017-07-14,346
Chine,Général,Gucheng,2017-07-15,67
Chine,Général,Gucheng,2017-07-16,250
Chine,Général,Gucheng,2017-07-17,414
Chine,Général,Gucheng,2017-07-18,432
Chine,Général,Gucheng,2017-07-19,432
Chine,Général,Gucheng,2017-07-20,343
Chine,Général,Gucheng,2017-07-21,296
Chine,Général,Gucheng,2017-07-22,66
Chine,Général,Gucheng,2017-07-23,253
Chine,Général,Gucheng,2017-07-24,468
Chine,Général,Gucheng,2017-07-25,454
Chine,Général,Gucheng,2017-07-26,441
Chine,Général,Gucheng,2017-07-27,414
Chine,Général,Gucheng,2017-07-28,424
Chine,Général,Gucheng,2017-07-29,160
Chine,Général,Gucheng,2017-07-30,212
Chine,Général,Gucheng,2017-07-31,410
Chine,Général,Gucheng,2017-08-01,442
Chine,Général,Gucheng,2017-08-02,477
Chine,Général,Gucheng,2017-08-03,442
Chine,Général,Gucheng,2017-08-04,452
Chine,Général,Gucheng,2017-08-05,225
Chine,Général,Gucheng,2017-08-06,273
Chine,Général,Gucheng,2017-08-07,516
Chine,Général,Gucheng,2017-08-08,488
Chine,Général,Gucheng,2017-08-09,500
Chine,Général,Gucheng,2017-08-10,502
Chine,Général,Gucheng,2017-08-11,410
Chine,Général,Gucheng,2017-08-12,168
Chine,Général,Gucheng,2017-08-13,255
Chine,Général,Gucheng,2017-08-14,476
Chine,Général,Gucheng,2017-08-15,493
Chine,Général,Gucheng,2017-08-16,508
Chine,Général,Gucheng,2017-08-17,479
Chine,Général,Gucheng,2017-08-18,553
Chine,Général,Gucheng,2017-08-19,172
Chine,Général,Gucheng,2017-08-20,218
Chine,Général,Gucheng,2017-08-21,525
Chine,Général,Gucheng,2017-08-22,427
Chine,Général,Gucheng,2017-08-23,489
Chine,Général,Gucheng,2017-08-24,388
Chine,Général,Gucheng,2017-08-25,275
Chine,Général,Gucheng,2017-08-26,63
Chine,Général,Gucheng,2017-08-27,361
Chine,Général,Gucheng,2017-08-28,363
Chine,Général,Gucheng,2017-08-29,532
Chine,Général,Gucheng,2017-08-30,232
Chine,Général,Gucheng,2017-08-31,585
Chine,Général,Gucheng,2017-09-01,286
Chine,Général,Gucheng,2017-09-02,177
Chine,Général,Gucheng,2017-09-03,407
Chine,Général,Gucheng,2017-09-04,386
Chine,Général,Gucheng,2017-09-05,474
Chine,Général,Gucheng,2017-09-06,459
Chine,Général,Gucheng,2017-09-07,480
Chine,Général,Gucheng,2017-09-08,428
Chine,Général,Gucheng,2017-09-09,73
Chine,Général,Gucheng,2017-09-10,235
Chine,Général,Gucheng,2017-09-11,612
Chine,Général,Gucheng,2017-09-12,510
Chine,Général,Gucheng,2017-09-13,457
Chine,Général,Gucheng,2017-09-14,472
Chine,Général,Gucheng,2017-09-15,402
Chine,Général,Gucheng,2017-09-16,92
Chine,Général,Gucheng,2017-09-17,279
Chine,Général,Gucheng,2017-09-18,568
Chine,Général,Gucheng,2017-09-19,457
Chine,Général,Gucheng,2017-09-20,483
Chine,Général,Gucheng,2017-09-21,473
Chine,Général,Gucheng,2017-09-22,336
Chine,Général,Gucheng,2017-09-23,128
Chine,Général,Gucheng,2017-09-24,228
Chine,Général,Gucheng,2017-09-25,583
Chine,Général,Gucheng,2017-09-26,503
Chine,Général,Gucheng,2017-09-27,498
Chine,Général,Gucheng,2017-09-28,465
Chine,Général,Gucheng,2017-09-29,364
Chine,Général,Gucheng,2017-09-30,182
Chine,Général,Gucheng,2017-10-01,114
Chine,Général,Gucheng,2017-10-02,154
Chine,Général,Gucheng,2017-10-03,116
Chine,Général,Gucheng,2017-10-04,130
Chine,Général,Gucheng,2017-10-05,179
Chine,Général,Gucheng,2017-10-06,146
Chine,Général,Gucheng,2017-10-07,148
Chine,Général,Gucheng,2017-10-08,304
Chine,Général,Gucheng,2017-10-09,558
Chine,Général,Gucheng,2017-10-10,437
Chine,Général,Gucheng,2017-10-11,432
Chine,Général,Gucheng,2017-10-12,355
Chine,Général,Gucheng,2017-10-13,136
Chine,Général,Gucheng,2017-10-14,91
Chine,Général,Gucheng,2017-10-15,101
Chine,Général,Gucheng,2017-10-16,151
Chine,Général,Gucheng,2017-10-17,142
Chine,Général,Gucheng,2017-10-18,210
Chine,Général,Gucheng,2017-10-19,210
Chine,Général,Gucheng,2017-10-20,185
Chine,Général,Gucheng,2017-10-21,135
Chine,Général,Gucheng,2017-10-22,169
Chine,Général,Gucheng,2017-10-23,549
Chine,Général,Gucheng,2017-10-24,481
Chine,Général,Gucheng,2017-10-25,568
Chine,Général,Gucheng,2017-11-03,265
Chine,Général,Gucheng,2017-11-04,84
Chine,Général,Gucheng,2017-11-05,101
Chine,Général,Gucheng,2017-11-06,472
Chine,Général,Gucheng,2017-11-07,507
Chine,Général,Gucheng,2017-11-08,427
Chine,Général,Gucheng,2017-11-09,427
Chine,Général,Gucheng,2017-11-10,324
Chine,Général,Gucheng,2017-11-11,37
Chine,Général,Gucheng,2017-11-12,261
Chine,Général,Gucheng,2017-11-13,541
Chine,Général,Gucheng,2017-11-14,473
Chine,Général,Gucheng,2017-11-15,444
Chine,Général,Gucheng,2017-11-16,417
Chine,Général,Gucheng,2017-11-17,296
Chine,Général,Gucheng,2017-11-18,65
Chine,Général,Gucheng,2017-11-19,303
Chine,Général,Gucheng,2017-11-20,570
Chine,Général,Gucheng,2017-11-21,354
Chine,Général,Gucheng,2017-11-22,342
Chine,Général,Gucheng,2017-11-23,349
Chine,Général,Gucheng,2017-11-24,321
Chine,Général,Gucheng,2017-11-25,111
Chine,Général,Gucheng,2017-11-26,267
Chine,Général,Gucheng,2017-11-27,554
Chine,Général,Gucheng,2017-11-28,423
Chine,Général,Gucheng,2017-11-29,395
Chine,Général,Gucheng,2017-11-30,478
Chine,Général,Gucheng,2017-12-01,256
Chine,Général,Gucheng,2017-12-02,108
Chine,Général,Gucheng,2017-12-03,274
Chine,Général,Gucheng,2017-12-04,548
Chine,Général,Gucheng,2017-12-05,409
Chine,Général,Gucheng,2017-12-06,409
Chine,Général,Gucheng,2017-12-07,402
Chine,Général,Gucheng,2017-12-08,269
Chine,Général,Gucheng,2017-12-09,78
Chine,Général,Gucheng,2017-12-10,297
Chine,Général,Gucheng,2017-12-11,462
Chine,Général,Gucheng,2017-12-12,546
Chine,Général,Gucheng,2017-12-13,264
Chine,Général,Gucheng,2017-12-15,236
Chine,Général,Gucheng,2017-12-16,5
Chine,Général,Gucheng,2017-12-17,295
Chine,Général,Gucheng,2017-12-18,516
Chine,Général,Gucheng,2017-12-19,484
Chine,Général,Gucheng,2017-12-20,420
Chine,Général,Gucheng,2017-12-21,404
Chine,Général,Gucheng,2017-12-22,260
Chine,Général,Gucheng,2017-12-23,73
Chine,Général,Gucheng,2017-12-24,285
Chine,Général,Gucheng,2017-12-25,354
Chine,Général,Gucheng,2017-12-26,165
Chine,Général,Gucheng,2017-12-27,415
Chine,Général,Gucheng,2017-12-28,451
Chine,Général,Gucheng,2017-12-29,179
Chine,Général,Gucheng,2017-12-30,107
Chine,Général,Gucheng,2017-12-31,124
Chine,Général,Gucheng,2018-01-01,267
Chine,Général,Gucheng,2018-01-02,451
Chine,Général,Gucheng,2018-01-03,407
Chine,Général,Gucheng,2018-01-04,457
Chine,Général,Gucheng,2018-01-05,319
Chine,Général,Gucheng,2018-01-06,133
Chine,Général,Gucheng,2018-01-07,307
Chine,Général,Gucheng,2018-01-08,564
Chine,Général,Gucheng,2018-01-09,407
Chine,Général,Gucheng,2018-01-10,431
Chine,Général,Gucheng,2018-01-11,478
Chine,Général,Gucheng,2018-01-12,346
Chine,Général,Gucheng,2018-01-13,63
Chine,Général,Gucheng,2018-01-14,328
Chine,Général,Gucheng,2018-01-15,560
Chine,Général,Gucheng,2018-01-16,416
Chine,Général,Gucheng,2018-01-17,417
Chine,Général,Gucheng,2018-01-18,361
Chine,Général,Gucheng,2018-01-19,315
Chine,Général,Gucheng,2018-01-20,112
Chine,Général,Gucheng,2018-01-21,240
Chine,Général,Gucheng,2018-01-22,59
Chine,Général,Gucheng,2018-01-23,216
Chine,Général,Gucheng,2018-01-24,508
Chine,Général,Gucheng,2018-01-25,578
Chine,Général,Gucheng,2018-01-26,363
Chine,Général,Gucheng,2018-01-27,204
Chine,Général,Gucheng,2018-01-28,308
Chine,Général,Gucheng,2018-01-29,444
Chine,Général,Gucheng,2018-01-30,495
Chine,Général,Gucheng,2018-01-31,553
Chine,Général,Gucheng,2018-02-01,422
Chine,Général,Gucheng,2018-02-02,358
Chine,Général,Gucheng,2018-02-03,187
Chine,Général,Gucheng,2018-02-04,264
Chine,Général,Gucheng,2018-02-05,468
Chine,Général,Gucheng,2018-02-06,440
Chine,Général,Gucheng,2018-02-07,463
Chine,Général,Gucheng,2018-02-08,422
Chine,Général,Gucheng,2018-02-09,391
Chine,Général,Gucheng,2018-02-10,357
Chine,Général,Gucheng,2018-02-11,306
Chine,Général,Gucheng,2018-02-12,413
Chine,Général,Gucheng,2018-02-13,418
Chine,Général,Gucheng,2018-02-14,138
Chine,Général,Gucheng,2018-02-15,199
Chine,Général,Gucheng,2018-02-16,141
Chine,Général,Gucheng,2018-02-17,219
Chine,Général,Gucheng,2018-02-18,200
Chine,Général,Gucheng,2018-02-19,155
Chine,Général,Gucheng,2018-02-20,176
Chine,Général,Gucheng,2018-02-21,407
Chine,Général,Gucheng,2018-02-22,493
Chine,Général,Gucheng,2018-02-23,332
Chine,Général,Gucheng,2018-02-24,267
Chine,Général,Gucheng,2018-02-25,540
Chine,Général,Gucheng,2018-02-26,510
Chine,Général,Gucheng,2018-02-27,450
Chine,Général,Gucheng,2018-02-28,414
Chine,Général,Gucheng,2018-03-01,410
Chine,Général,Gucheng,2018-03-02,339
Chine,Général,Gucheng,2018-03-03,228
Chine,Général,Gucheng,2018-03-04,338
Chine,Général,Gucheng,2018-03-05,665
Chine,Général,Gucheng,2018-03-06,570
Chine,Général,Gucheng,2018-03-07,589
Chine,Général,Gucheng,2018-03-08,603
Chine,Général,Gucheng,2018-03-09,515
Chine,Général,Gucheng,2018-03-10,160
Chine,Général,Gucheng,2018-03-11,483
Chine,Général,Gucheng,2018-03-12,851
Chine,Général,Gucheng,2018-03-13,746
Chine,Général,Gucheng,2018-03-14,741
Chine,Général,Gucheng,2018-03-15,762
Chine,Général,Gucheng,2018-03-16,665
Chine,Général,Gucheng,2018-03-17,291
Chine,Général,Gucheng,2018-03-18,505
Chine,Général,Gucheng,2018-03-19,864
Chine,Général,Gucheng,2018-03-20,799
Chine,Général,Gucheng,2018-03-21,769
Chine,Général,Gucheng,2018-03-22,750
Chine,Général,Gucheng,2018-03-23,680
Chine,Général,Gucheng,2018-03-24,276
Chine,Général,Gucheng,2018-03-25,531
Chine,Général,Gucheng,2018-03-26,918
Chine,Général,Gucheng,2018-03-27,973
Chine,Général,Gucheng,2018-03-28,883
Chine,Général,Gucheng,2018-03-29,165
Chine,Général,Gucheng,2018-03-30,712
Chine,Général,Gucheng,2018-03-31,256
Chine,Général,Gucheng,2018-04-01,488
Chine,Général,Gucheng,2018-04-02,916
Chine,Général,Gucheng,2018-04-03,763
Chine,Général,Gucheng,2018-04-04,372
Chine,Général,Gucheng,2018-04-05,201
Chine,Général,Gucheng,2018-04-06,213
Chine,Général,Gucheng,2018-04-07,494
Chine,Général,Gucheng,2018-04-08,808
Chine,Général,Gucheng,2018-04-09,891
Chine,Général,Gucheng,2018-04-10,883
Chine,Général,Gucheng,2018-04-11,883
Chine,Général,Gucheng,2018-04-12,547
Chine,Général,Gucheng,2018-04-13,596
Chine,Général,Gucheng,2018-04-14,454
Chine,Général,Gucheng,2018-04-15,361
Chine,Général,Gucheng,2018-04-16,846
Chine,Général,Gucheng,2018-04-17,694
Chine,Général,Gucheng,2018-04-18,696
Chine,Général,Gucheng,2018-04-19,603
Chine,Général,Gucheng,2018-04-20,447
Chine,Général,Gucheng,2018-04-21,348
Chine,Général,Gucheng,2018-04-22,541
Chine,Général,Gucheng,2018-04-23,913
Chine,Général,Gucheng,2018-04-25,985
Chine,Général,Gucheng,2018-04-26,506
Chine,Général,Gucheng,2018-04-27,477
Chine,Général,Gucheng,2018-04-28,303
Chine,Général,Gucheng,2018-04-29,267
Chine,Général,Gucheng,2018-04-30,222
Chine,Général,Gucheng,2018-05-01,508
Chine,Général,Gucheng,2018-05-02,783
Chine,Général,Gucheng,2018-05-03,666
Chine,Général,Gucheng,2018-05-04,431
Chine,Général,Gucheng,2018-05-05,350
Chine,Général,Gucheng,2018-05-06,531
Chine,Général,Gucheng,2018-05-07,784
Chine,Général,Gucheng,2018-05-08,725
Chine,Général,Gucheng,2018-05-09,674
Chine,Général,Gucheng,2018-05-10,656
Chine,Général,Gucheng,2018-05-11,362
Chine,Général,Gucheng,2018-05-12,311
Chine,Général,Gucheng,2018-05-13,505
Chine,Général,Gucheng,2018-05-14,740
Chine,Général,Gucheng,2018-05-15,775
Chine,Général,Gucheng,2018-05-16,358
Chine,Général,Gucheng,2018-05-17,878
Chine,Général,Gucheng,2018-05-18,485
Chine,Général,Gucheng,2018-05-19,353
Chine,Général,Gucheng,2018-05-20,424
Chine,Général,Gucheng,2018-05-21,671
Chine,Général,Gucheng,2018-05-22,642
Chine,Général,Gucheng,2018-05-23,685
Chine,Général,Gucheng,2018-05-24,711
Chine,Général,Gucheng,2018-05-26,581
Chine,Général,Gucheng,2018-05-27,286
Chine,Général,Gucheng,2018-05-28,792
Chine,Général,Gucheng,2018-05-29,689
Chine,Général,Gucheng,2018-05-30,655
Chine,Général,Gucheng,2018-05-31,625
Chine,Général,Gucheng,2018-06-01,363
Chine,Général,Gucheng,2018-06-02,226
Chine,Général,Gucheng,2018-06-03,964
Chine,Général,Gucheng,2018-06-04,200
Chine,Général,Gucheng,2018-06-05,925
Chine,Général,Gucheng,2018-06-06,637
Chine,Général,Gucheng,2018-06-07,581
Chine,Général,Gucheng,2018-06-08,453
Chine,Général,Gucheng,2018-06-09,377
Chine,Général,Gucheng,2018-06-10,645
Chine,Général,Gucheng,2018-06-11,711
Chine,Général,Gucheng,2018-06-12,641
Chine,Général,Gucheng,2018-06-13,614
Chine,Général,Gucheng,2018-06-14,575
Chine,Général,Gucheng,2018-06-15,244
Chine,Général,Gucheng,2018-06-16,255
Chine,Général,Gucheng,2018-06-17,192
Chine,Général,Gucheng,2018-06-18,353
Chine,Général,Gucheng,2018-06-19,617
Chine,Général,Gucheng,2018-06-20,499
Chine,Général,Gucheng,2018-06-21,484
Chine,Général,Gucheng,2018-06-22,535
Chine,Général,Gucheng,2018-06-23,233
Chine,Général,Gucheng,2018-06-24,514
Chine,Général,Gucheng,2018-06-25,666
Chine,Général,Gucheng,2018-06-26,20
Chine,Général,Gucheng,2018-06-27,362
Chine,Général,Gucheng,2018-06-28,687
Chine,Général,Gucheng,2018-06-29,290
Chine,Général,Gucheng,2018-06-30,222
Chine,Général,Gucheng,2018-07-01,1000
Chine,Général,Gucheng,2018-07-07,445
Chine,Général,Gucheng,2018-07-08,211
Chine,Général,Gucheng,2018-07-09,770
Chine,Général,Gucheng,2018-07-12,488
Chine,Général,Gucheng,2018-07-13,453
Chine,Général,Gucheng,2018-07-14,249
Chine,Général,Gucheng,2018-07-15,421
Chine,Général,Gucheng,2018-07-16,629
Chine,Général,Gucheng,2018-07-17,548
Chine,Général,Gucheng,2018-07-18,499
Chine,Général,Gucheng,2018-07-19,512
Chine,Général,Gucheng,2018-07-20,681
Chine,Général,Gucheng,2018-07-24,720
Chine,Général,Gucheng,2018-07-25,494
Chine,Général,Gucheng,2018-07-26,511
Chine,Général,Gucheng,2018-07-27,354
Chine,Général,Gucheng,2018-07-28,243
Chine,Général,Gucheng,2018-07-29,419
Chine,Général,Gucheng,2018-07-30,632
Chine,Général,Gucheng,2018-07-31,557
Chine,Général,Gucheng,2018-08-01,524
Chine,Général,Gucheng,2018-08-02,533
Chine,Général,Gucheng,2018-08-03,367
Chine,Général,Gucheng,2018-08-04,214
Chine,Général,Gucheng,2018-08-05,456
Chine,Général,Gucheng,2018-08-06,659
Chine,Général,Gucheng,2018-08-07,590
Chine,Général,Gucheng,2018-08-08,520
Chine,Général,Gucheng,2018-08-09,542
Chine,Général,Gucheng,2018-08-10,349
Chine,Général,Gucheng,2018-08-11,241
Chine,Général,Gucheng,2018-08-12,454
Chine,Général,Gucheng,2018-08-13,645
Chine,Général,Gucheng,2018-08-14,545
Chine,Général,Gucheng,2018-08-15,565
Chine,Général,Gucheng,2018-08-16,593
Chine,Général,Gucheng,2018-08-18,298
Chine,Général,Gucheng,2018-08-19,488
Chine,Général,Gucheng,2018-08-20,623
Chine,Général,Gucheng,2018-08-21,559
Chine,Général,Gucheng,2018-08-22,552
Chine,Général,Gucheng,2018-08-23,496
Chine,Général,Gucheng,2018-08-24,324
Chine,Général,Gucheng,2018-08-25,253
Chine,Général,Gucheng,2018-08-26,427
Chine,Général,Gucheng,2018-08-27,611
Chine,Général,Gucheng,2018-08-28,500
Chine,Général,Gucheng,2018-08-29,454
Chine,Général,Gucheng,2018-08-30,441
Chine,Général,Gucheng,2018-08-31,373
Chine,Général,Gucheng,2018-09-01,196
Chine,Général,Gucheng,2018-09-02,436
Chine,Général,Gucheng,2018-09-03,619
Chine,Général,Gucheng,2018-09-04,555
Chine,Général,Gucheng,2018-09-05,479
Chine,Général,Gucheng,2018-09-06,420
Chine,Général,Gucheng,2018-09-07,278
Chine,Général,Gucheng,2018-09-08,262
Chine,Général,Gucheng,2018-09-09,415
Chine,Général,Gucheng,2018-09-10,623
Chine,Général,Gucheng,2018-09-11,524
Chine,Général,Gucheng,2018-09-12,497
Chine,Général,Gucheng,2018-09-13,500
Chine,Général,Gucheng,2018-09-14,322
Chine,Général,Gucheng,2018-09-15,234
Chine,Général,Gucheng,2018-09-16,454
Chine,Général,Gucheng,2018-09-17,597
Chine,Général,Gucheng,2018-09-18,518
Chine,Général,Gucheng,2018-09-19,527
Chine,Général,Gucheng,2018-09-20,467
Chine,Général,Gucheng,2018-09-21,288
Chine,Général,Gucheng,2018-09-22,266
Chine,Général,Gucheng,2018-09-23,266
Chine,Général,Gucheng,2018-09-24,506
Chine,Général,Gucheng,2018-09-25,959
Chine,Général,Gucheng,2018-09-29,1996
Chine,Général,ChinaNews,2016-04-23,20
Chine,Général,ChinaNews,2016-05-06,30
Chine,Général,ChinaNews,2016-05-07,30
Chine,Général,ChinaNews,2016-05-08,60
Chine,Général,ChinaNews,2016-05-09,60
Chine,Général,ChinaNews,2016-05-10,90
Chine,Général,ChinaNews,2016-05-11,90
Chine,Général,ChinaNews,2016-05-12,59
Chine,Général,ChinaNews,2016-05-13,90
Chine,Général,ChinaNews,2016-05-14,90
Chine,Général,ChinaNews,2016-05-15,30
Chine,Général,ChinaNews,2016-05-16,120
Chine,Général,ChinaNews,2016-05-17,60
Chine,Général,ChinaNews,2016-05-18,89
Chine,Général,ChinaNews,2016-05-19,90
Chine,Général,ChinaNews,2016-05-20,90
Chine,Général,ChinaNews,2016-05-21,60
Chine,Général,ChinaNews,2016-05-22,90
Chine,Général,ChinaNews,2016-05-23,90
Chine,Général,ChinaNews,2016-05-24,90
Chine,Général,ChinaNews,2016-05-25,60
Chine,Général,ChinaNews,2016-05-26,90
Chine,Général,ChinaNews,2016-05-27,60
Chine,Général,ChinaNews,2016-05-28,90
Chine,Général,ChinaNews,2016-06-04,60
Chine,Général,ChinaNews,2016-06-05,29
Chine,Général,ChinaNews,2016-06-06,125
Chine,Général,ChinaNews,2016-06-07,90
Chine,Général,ChinaNews,2016-06-08,90
Chine,Général,ChinaNews,2016-06-09,89
Chine,Général,ChinaNews,2016-06-10,90
Chine,Général,ChinaNews,2016-06-11,60
Chine,Général,ChinaNews,2016-06-14,90
Chine,Général,ChinaNews,2016-06-15,60
Chine,Général,ChinaNews,2016-06-16,30
Chine,Général,ChinaNews,2016-06-21,90
Chine,Général,ChinaNews,2016-06-22,90
Chine,Général,ChinaNews,2016-06-23,60
Chine,Général,ChinaNews,2016-06-24,60
Chine,Général,ChinaNews,2016-06-25,89
Chine,Général,ChinaNews,2016-06-26,60
Chine,Général,ChinaNews,2016-06-27,120
Chine,Général,ChinaNews,2016-06-28,60
Chine,Général,ChinaNews,2016-06-29,90
Chine,Général,ChinaNews,2016-06-30,60
Chine,Général,ChinaNews,2016-07-01,60
Chine,Général,ChinaNews,2016-07-02,90
Chine,Général,ChinaNews,2016-07-03,30
Chine,Général,ChinaNews,2016-07-23,59
Chine,Général,ChinaNews,2016-07-24,89
Chine,Général,ChinaNews,2016-07-25,88
Chine,Général,ChinaNews,2016-07-26,60
Chine,Général,ChinaNews,2016-07-27,89
Chine,Général,ChinaNews,2016-07-28,60
Chine,Général,ChinaNews,2016-07-29,89
Chine,Général,ChinaNews,2016-07-30,89
Chine,Général,ChinaNews,2016-07-31,90
Chine,Général,ChinaNews,2016-08-01,88
Chine,Général,ChinaNews,2016-08-02,89
Chine,Général,ChinaNews,2016-08-03,88
Chine,Général,ChinaNews,2016-08-04,88
Chine,Général,ChinaNews,2016-08-05,88
Chine,Général,ChinaNews,2016-08-06,87
Chine,Général,ChinaNews,2016-08-07,86
Chine,Général,ChinaNews,2016-08-08,89
Chine,Général,ChinaNews,2016-08-09,87
Chine,Général,ChinaNews,2016-08-10,59
Chine,Général,ChinaNews,2016-08-11,89
Chine,Général,ChinaNews,2016-08-12,88
Chine,Général,ChinaNews,2016-08-13,89
Chine,Général,ChinaNews,2016-08-14,87
Chine,Général,ChinaNews,2016-08-15,57
Chine,Général,ChinaNews,2016-08-16,90
Chine,Général,ChinaNews,2016-08-17,89
Chine,Général,ChinaNews,2016-08-18,88
Chine,Général,ChinaNews,2016-08-19,59
Chine,Général,ChinaNews,2016-08-20,31
Chine,Général,ChinaNews,2016-08-21,59
Chine,Général,ChinaNews,2016-08-22,120
Chine,Général,ChinaNews,2016-08-23,90
Chine,Général,ChinaNews,2016-08-24,89
Chine,Général,ChinaNews,2016-08-25,90
Chine,Général,ChinaNews,2016-08-26,89
Chine,Général,ChinaNews,2016-08-27,90
Chine,Général,ChinaNews,2016-08-28,60
Chine,Général,ChinaNews,2016-08-29,120
Chine,Général,ChinaNews,2016-08-30,90
Chine,Général,ChinaNews,2016-08-31,89
Chine,Général,ChinaNews,2016-09-01,60
Chine,Général,ChinaNews,2016-09-06,90
Chine,Général,ChinaNews,2016-09-07,59
Chine,Général,ChinaNews,2016-09-08,118
Chine,Général,ChinaNews,2016-09-09,60
Chine,Général,ChinaNews,2016-09-10,90
Chine,Général,ChinaNews,2016-09-11,30
Chine,Général,ChinaNews,2016-09-17,89
Chine,Général,ChinaNews,2016-09-18,59
Chine,Général,ChinaNews,2016-09-19,119
Chine,Général,ChinaNews,2016-09-20,89
Chine,Général,ChinaNews,2016-09-21,30
Chine,Général,ChinaNews,2016-09-22,90
Chine,Général,ChinaNews,2016-09-23,90
Chine,Général,ChinaNews,2016-09-24,89
Chine,Général,ChinaNews,2016-09-25,30
Chine,Général,ChinaNews,2016-09-26,60
Chine,Général,ChinaNews,2016-09-27,120
Chine,Général,ChinaNews,2016-09-28,60
Chine,Général,ChinaNews,2016-09-29,90
Chine,Général,ChinaNews,2016-09-30,90
Chine,Général,ChinaNews,2016-10-01,90
Chine,Général,ChinaNews,2016-10-02,89
Chine,Général,ChinaNews,2016-10-03,60
Chine,Général,ChinaNews,2016-10-04,90
Chine,Général,ChinaNews,2016-10-05,89
Chine,Général,ChinaNews,2016-10-06,89
Chine,Général,ChinaNews,2016-10-07,90
Chine,Général,ChinaNews,2016-10-08,90
Chine,Général,ChinaNews,2016-10-09,60
Chine,Général,ChinaNews,2016-10-10,90
Chine,Général,ChinaNews,2016-10-11,90
Chine,Général,ChinaNews,2016-10-12,89
Chine,Général,ChinaNews,2016-10-13,90
Chine,Général,ChinaNews,2016-10-14,90
Chine,Général,ChinaNews,2016-10-15,60
Chine,Général,ChinaNews,2016-10-16,120
Chine,Général,ChinaNews,2016-10-17,89
Chine,Général,ChinaNews,2016-10-18,59
Chine,Général,ChinaNews,2016-10-20,59
Chine,Général,ChinaNews,2016-10-21,89
Chine,Général,ChinaNews,2016-10-22,90
Chine,Général,ChinaNews,2016-10-23,60
Chine,Général,ChinaNews,2016-10-24,119
Chine,Général,ChinaNews,2016-10-25,90
Chine,Général,ChinaNews,2016-10-26,90
Chine,Général,ChinaNews,2016-10-27,90
Chine,Général,ChinaNews,2016-10-28,90
Chine,Général,ChinaNews,2016-10-29,90
Chine,Général,ChinaNews,2016-10-30,89
Chine,Général,ChinaNews,2016-10-31,90
Chine,Général,ChinaNews,2016-11-01,90
Chine,Général,ChinaNews,2016-11-02,90
Chine,Général,ChinaNews,2016-11-03,60
Chine,Général,ChinaNews,2016-11-04,90
Chine,Général,ChinaNews,2016-11-05,89
Chine,Général,ChinaNews,2016-11-06,59
Chine,Général,ChinaNews,2016-11-07,30
Chine,Général,ChinaNews,2016-11-08,120
Chine,Général,ChinaNews,2016-11-09,30
Chine,Général,ChinaNews,2016-11-10,90
Chine,Général,ChinaNews,2016-11-11,90
Chine,Général,ChinaNews,2016-11-12,90
Chine,Général,ChinaNews,2016-11-13,90
Chine,Général,ChinaNews,2016-11-14,90
Chine,Général,ChinaNews,2016-11-15,90
Chine,Général,ChinaNews,2016-11-16,60
Chine,Général,ChinaNews,2016-11-17,90
Chine,Général,ChinaNews,2016-11-18,89
Chine,Général,ChinaNews,2016-11-19,120
Chine,Général,ChinaNews,2016-11-20,30
Chine,Général,ChinaNews,2016-11-21,90
Chine,Général,ChinaNews,2016-11-22,30
Chine,Général,ChinaNews,2016-11-23,89
Chine,Général,ChinaNews,2016-11-24,90
Chine,Général,ChinaNews,2016-11-25,90
Chine,Général,ChinaNews,2016-11-26,90
Chine,Général,ChinaNews,2016-11-27,89
Chine,Général,ChinaNews,2016-11-28,90
Chine,Général,ChinaNews,2016-11-29,60
Chine,Général,ChinaNews,2016-12-01,90
Chine,Général,ChinaNews,2016-12-02,90
Chine,Général,ChinaNews,2016-12-03,90
Chine,Général,ChinaNews,2016-12-04,89
Chine,Général,ChinaNews,2016-12-05,90
Chine,Général,ChinaNews,2016-12-06,59
Chine,Général,ChinaNews,2016-12-07,90
Chine,Général,ChinaNews,2016-12-08,90
Chine,Général,ChinaNews,2016-12-09,88
Chine,Général,ChinaNews,2016-12-10,58
Chine,Général,ChinaNews,2016-12-11,30
Chine,Général,ChinaNews,2016-12-12,90
Chine,Général,ChinaNews,2016-12-13,30
Chine,Général,ChinaNews,2016-12-17,84
Chine,Général,ChinaNews,2016-12-18,90
Chine,Général,ChinaNews,2016-12-19,60
Chine,Général,ChinaNews,2016-12-20,60
Chine,Général,ChinaNews,2016-12-21,90
Chine,Général,ChinaNews,2016-12-22,88
Chine,Général,ChinaNews,2016-12-23,90
Chine,Général,ChinaNews,2016-12-24,60
Chine,Général,ChinaNews,2016-12-26,90
Chine,Général,ChinaNews,2016-12-27,90
Chine,Général,ChinaNews,2016-12-28,90
Chine,Général,ChinaNews,2016-12-29,90
Chine,Général,ChinaNews,2016-12-30,60
Chine,Général,ChinaNews,2016-12-31,60
Chine,Général,ChinaNews,2017-01-01,90
Chine,Général,ChinaNews,2017-01-02,90
Chine,Général,ChinaNews,2017-01-03,90
Chine,Général,ChinaNews,2017-01-04,89
Chine,Général,ChinaNews,2017-01-05,90
Chine,Général,ChinaNews,2017-01-06,90
Chine,Général,ChinaNews,2017-01-07,90
Chine,Général,ChinaNews,2017-01-08,60
Chine,Général,ChinaNews,2017-01-09,60
Chine,Général,ChinaNews,2017-01-10,29
Chine,Général,ChinaNews,2017-01-11,60
Chine,Général,ChinaNews,2017-01-13,90
Chine,Général,ChinaNews,2017-01-14,90
Chine,Général,ChinaNews,2017-01-15,89
Chine,Général,ChinaNews,2017-01-16,90
Chine,Général,ChinaNews,2017-01-17,90
Chine,Général,ChinaNews,2017-01-18,89
Chine,Général,ChinaNews,2017-01-19,89
Chine,Général,ChinaNews,2017-01-20,90
Chine,Général,ChinaNews,2017-01-21,88
Chine,Général,ChinaNews,2017-01-22,60
Chine,Général,ChinaNews,2017-01-23,59
Chine,Général,ChinaNews,2017-01-24,88
Chine,Général,ChinaNews,2017-01-25,30
Chine,Général,ChinaNews,2017-01-26,58
Chine,Général,ChinaNews,2017-01-27,60
Chine,Général,ChinaNews,2017-01-28,90
Chine,Général,ChinaNews,2017-01-29,88
Chine,Général,ChinaNews,2017-01-30,89
Chine,Général,ChinaNews,2017-01-31,88
Chine,Général,ChinaNews,2017-02-01,90
Chine,Général,ChinaNews,2017-02-02,90
Chine,Général,ChinaNews,2017-02-03,90
Chine,Général,ChinaNews,2017-02-04,30
Chine,Général,ChinaNews,2017-02-05,60
Chine,Général,ChinaNews,2017-02-06,30
Chine,Général,ChinaNews,2017-02-16,60
Chine,Général,ChinaNews,2017-02-17,89
Chine,Général,ChinaNews,2017-02-18,60
Chine,Général,ChinaNews,2017-02-19,90
Chine,Général,ChinaNews,2017-02-20,90
Chine,Général,ChinaNews,2017-02-21,89
Chine,Général,ChinaNews,2017-02-22,90
Chine,Général,ChinaNews,2017-02-23,89
Chine,Général,ChinaNews,2017-02-24,90
Chine,Général,ChinaNews,2017-02-25,89
Chine,Général,ChinaNews,2017-02-26,90
Chine,Général,ChinaNews,2017-02-27,90
Chine,Général,ChinaNews,2017-02-28,90
Chine,Général,ChinaNews,2017-03-01,60
Chine,Général,ChinaNews,2017-03-02,60
Chine,Général,ChinaNews,2017-03-03,30
Chine,Général,ChinaNews,2017-03-22,30
Chine,Général,ChinaNews,2017-03-23,89
Chine,Général,ChinaNews,2017-03-24,89
Chine,Général,ChinaNews,2017-03-25,88
Chine,Général,ChinaNews,2017-03-26,88
Chine,Général,ChinaNews,2017-03-27,90
Chine,Général,ChinaNews,2017-03-28,89
Chine,Général,ChinaNews,2017-03-29,89
Chine,Général,ChinaNews,2017-03-30,60
Chine,Général,ChinaNews,2017-03-31,87
Chine,Général,ChinaNews,2017-04-01,89
Chine,Général,ChinaNews,2017-04-02,90
Chine,Général,ChinaNews,2017-04-03,87
Chine,Général,ChinaNews,2017-04-04,59
Chine,Général,ChinaNews,2017-04-05,90
Chine,Général,ChinaNews,2017-04-06,90
Chine,Général,ChinaNews,2017-04-07,89
Chine,Général,ChinaNews,2017-04-08,90
Chine,Général,ChinaNews,2017-04-09,89
Chine,Général,ChinaNews,2017-04-10,90
Chine,Général,ChinaNews,2017-04-11,60
Chine,Général,ChinaNews,2017-04-12,90
Chine,Général,ChinaNews,2017-04-13,90
Chine,Général,ChinaNews,2017-04-14,90
Chine,Général,ChinaNews,2017-04-15,89
Chine,Général,ChinaNews,2017-04-16,90
Chine,Général,ChinaNews,2017-04-17,90
Chine,Général,ChinaNews,2017-04-18,60
Chine,Général,ChinaNews,2017-04-19,90
Chine,Général,ChinaNews,2017-04-20,60
Chine,Général,ChinaNews,2017-04-21,90
Chine,Général,ChinaNews,2017-04-22,89
Chine,Général,ChinaNews,2017-04-23,90
Chine,Général,ChinaNews,2017-04-24,90
Chine,Général,ChinaNews,2017-04-25,90
Chine,Général,ChinaNews,2017-04-26,90
Chine,Général,ChinaNews,2017-04-27,90
Chine,Général,ChinaNews,2017-04-28,90
Chine,Général,ChinaNews,2017-04-29,89
Chine,Général,ChinaNews,2017-04-30,90
Chine,Général,ChinaNews,2017-05-01,90
Chine,Général,ChinaNews,2017-05-02,89
Chine,Général,ChinaNews,2017-05-03,90
Chine,Général,ChinaNews,2017-05-04,88
Chine,Général,ChinaNews,2017-05-05,87
Chine,Général,ChinaNews,2017-05-06,90
Chine,Général,ChinaNews,2017-05-07,90
Chine,Général,ChinaNews,2017-05-08,89
Chine,Général,ChinaNews,2017-05-09,90
Chine,Général,ChinaNews,2017-05-10,90
Chine,Général,ChinaNews,2017-05-11,90
Chine,Général,ChinaNews,2017-05-12,90
Chine,Général,ChinaNews,2017-05-13,90
Chine,Général,ChinaNews,2017-05-14,90
Chine,Général,ChinaNews,2017-05-15,89
Chine,Général,ChinaNews,2017-05-16,87
Chine,Général,ChinaNews,2017-05-17,90
Chine,Général,ChinaNews,2017-05-18,60
Chine,Général,ChinaNews,2017-05-19,90
Chine,Général,ChinaNews,2017-05-20,89
Chine,Général,ChinaNews,2017-05-21,89
Chine,Général,ChinaNews,2017-05-22,89
Chine,Général,ChinaNews,2017-05-23,90
Chine,Général,ChinaNews,2017-05-24,90
Chine,Général,ChinaNews,2017-05-25,90
Chine,Général,ChinaNews,2017-05-26,90
Chine,Général,ChinaNews,2017-05-27,90
Chine,Général,ChinaNews,2017-05-28,90
Chine,Général,ChinaNews,2017-05-29,90
Chine,Général,ChinaNews,2017-05-30,90
Chine,Général,ChinaNews,2017-05-31,90
Chine,Général,ChinaNews,2017-06-01,30
Chine,Général,ChinaNews,2017-06-02,90
Chine,Général,ChinaNews,2017-06-03,90
Chine,Général,ChinaNews,2017-06-04,88
Chine,Général,ChinaNews,2017-06-05,90
Chine,Général,ChinaNews,2017-06-06,89
Chine,Général,ChinaNews,2017-06-07,88
Chine,Général,ChinaNews,2017-06-08,90
Chine,Général,ChinaNews,2017-06-09,90
Chine,Général,ChinaNews,2017-06-10,89
Chine,Général,ChinaNews,2017-06-11,89
Chine,Général,ChinaNews,2017-06-12,90
Chine,Général,ChinaNews,2017-06-13,90
Chine,Général,ChinaNews,2017-06-14,90
Chine,Général,ChinaNews,2017-06-15,59
Chine,Général,ChinaNews,2017-06-16,90
Chine,Général,ChinaNews,2017-06-17,90
Chine,Général,ChinaNews,2017-06-18,89
Chine,Général,ChinaNews,2017-06-19,89
Chine,Général,ChinaNews,2017-06-20,90
Chine,Général,ChinaNews,2017-06-21,90
Chine,Général,ChinaNews,2017-06-22,89
Chine,Général,ChinaNews,2017-06-23,90
Chine,Général,ChinaNews,2017-06-24,88
Chine,Général,ChinaNews,2017-06-25,57
Chine,Général,ChinaNews,2017-06-26,88
Chine,Général,ChinaNews,2017-06-27,89
Chine,Général,ChinaNews,2017-06-28,90
Chine,Général,ChinaNews,2017-06-29,88
Chine,Général,ChinaNews,2017-06-30,89
Chine,Général,ChinaNews,2017-07-01,58
Chine,Général,ChinaNews,2017-07-02,59
Chine,Général,ChinaNews,2017-07-03,30
Chine,Général,ChinaNews,2017-07-04,88
Chine,Général,ChinaNews,2017-07-05,90
Chine,Général,ChinaNews,2017-07-06,89
Chine,Général,ChinaNews,2017-07-07,60
Chine,Général,ChinaNews,2017-07-08,90
Chine,Général,ChinaNews,2017-07-09,90
Chine,Général,ChinaNews,2017-07-10,88
Chine,Général,ChinaNews,2017-07-11,90
Chine,Général,ChinaNews,2017-07-12,90
Chine,Général,ChinaNews,2017-07-13,90
Chine,Général,ChinaNews,2017-07-14,60
Chine,Général,ChinaNews,2017-07-15,88
Chine,Général,ChinaNews,2017-07-16,90
Chine,Général,ChinaNews,2017-07-17,90
Chine,Général,ChinaNews,2017-07-18,60
Chine,Général,ChinaNews,2017-07-19,90
Chine,Général,ChinaNews,2017-07-20,87
Chine,Général,ChinaNews,2017-07-21,88
Chine,Général,ChinaNews,2017-07-22,89
Chine,Général,ChinaNews,2017-07-23,87
Chine,Général,ChinaNews,2017-07-24,89
Chine,Général,ChinaNews,2017-07-25,90
Chine,Général,ChinaNews,2017-07-26,89
Chine,Général,ChinaNews,2017-07-27,90
Chine,Général,ChinaNews,2017-07-28,89
Chine,Général,ChinaNews,2017-07-29,89
Chine,Général,ChinaNews,2017-07-30,89
Chine,Général,ChinaNews,2017-07-31,89
Chine,Général,ChinaNews,2017-08-01,88
Chine,Général,ChinaNews,2017-08-02,88
Chine,Général,ChinaNews,2017-08-03,89
Chine,Général,ChinaNews,2017-08-04,88
Chine,Général,ChinaNews,2017-08-05,90
Chine,Général,ChinaNews,2017-08-06,88
Chine,Général,ChinaNews,2017-08-07,90
Chine,Général,ChinaNews,2017-08-08,89
Chine,Général,ChinaNews,2017-08-09,89
Chine,Général,ChinaNews,2017-08-10,89
Chine,Général,ChinaNews,2017-08-11,89
Chine,Général,ChinaNews,2017-08-12,87
Chine,Général,ChinaNews,2017-08-13,88
Chine,Général,ChinaNews,2017-08-14,90
Chine,Général,ChinaNews,2017-08-15,89
Chine,Général,ChinaNews,2017-08-16,89
Chine,Général,ChinaNews,2017-08-17,89
Chine,Général,ChinaNews,2017-08-18,90
Chine,Général,ChinaNews,2017-08-19,89
Chine,Général,ChinaNews,2017-08-20,90
Chine,Général,ChinaNews,2017-08-21,90
Chine,Général,ChinaNews,2017-08-22,60
Chine,Général,ChinaNews,2017-08-23,88
Chine,Général,ChinaNews,2017-08-24,89
Chine,Général,ChinaNews,2017-08-25,90
Chine,Général,ChinaNews,2017-08-26,89
Chine,Général,ChinaNews,2017-08-27,88
Chine,Général,ChinaNews,2017-08-28,90
Chine,Général,ChinaNews,2017-08-29,88
Chine,Général,ChinaNews,2017-08-30,89
Chine,Général,ChinaNews,2017-08-31,90
Chine,Général,ChinaNews,2017-09-01,89
Chine,Général,ChinaNews,2017-09-02,90
Chine,Général,ChinaNews,2017-09-03,87
Chine,Général,ChinaNews,2017-09-04,88
Chine,Général,ChinaNews,2017-09-05,90
Chine,Général,ChinaNews,2017-09-06,90
Chine,Général,ChinaNews,2017-09-07,86
Chine,Général,ChinaNews,2017-09-08,88
Chine,Général,ChinaNews,2017-09-09,88
Chine,Général,ChinaNews,2017-09-10,90
Chine,Général,ChinaNews,2017-09-11,90
Chine,Général,ChinaNews,2017-09-12,90
Chine,Général,ChinaNews,2017-09-13,90
Chine,Général,ChinaNews,2017-09-14,90
Chine,Général,ChinaNews,2017-09-15,89
Chine,Général,ChinaNews,2017-09-16,90
Chine,Général,ChinaNews,2017-09-17,89
Chine,Général,ChinaNews,2017-09-18,90
Chine,Général,ChinaNews,2017-09-19,89
Chine,Général,ChinaNews,2017-09-20,90
Chine,Général,ChinaNews,2017-09-21,59
Chine,Général,ChinaNews,2017-09-22,90
Chine,Général,ChinaNews,2017-09-23,90
Chine,Général,ChinaNews,2017-09-24,89
Chine,Général,ChinaNews,2017-09-25,89
Chine,Général,ChinaNews,2017-09-26,60
Chine,Général,ChinaNews,2017-09-27,89
Chine,Général,ChinaNews,2017-09-28,90
Chine,Général,ChinaNews,2017-09-29,90
Chine,Général,ChinaNews,2017-09-30,87
Chine,Général,ChinaNews,2017-10-01,87
Chine,Général,ChinaNews,2017-10-02,86
Chine,Général,ChinaNews,2017-10-03,77
Chine,Général,ChinaNews,2017-10-04,80
Chine,Général,ChinaNews,2017-10-05,90
Chine,Général,ChinaNews,2017-10-06,79
Chine,Général,ChinaNews,2017-10-07,86
Chine,Général,ChinaNews,2017-10-08,90
Chine,Général,ChinaNews,2017-10-09,89
Chine,Général,ChinaNews,2017-10-10,86
Chine,Général,ChinaNews,2017-10-11,90
Chine,Général,ChinaNews,2017-10-12,89
Chine,Général,ChinaNews,2017-10-13,90
Chine,Général,ChinaNews,2017-10-14,60
Chine,Général,ChinaNews,2017-10-15,89
Chine,Général,ChinaNews,2017-10-16,89
Chine,Général,ChinaNews,2017-10-17,87
Chine,Général,ChinaNews,2017-10-18,89
Chine,Général,ChinaNews,2017-10-19,88
Chine,Général,ChinaNews,2017-10-20,88
Chine,Général,ChinaNews,2017-10-21,86
Chine,Général,ChinaNews,2017-10-22,90
Chine,Général,ChinaNews,2017-10-23,89
Chine,Général,ChinaNews,2017-10-24,90
Chine,Général,ChinaNews,2017-10-25,59
Chine,Général,ChinaNews,2017-11-03,30
Chine,Général,ChinaNews,2017-11-04,89
Chine,Général,ChinaNews,2017-11-05,89
Chine,Général,ChinaNews,2017-11-06,90
Chine,Général,ChinaNews,2017-11-07,89
Chine,Général,ChinaNews,2017-11-08,89
Chine,Général,ChinaNews,2017-11-09,89
Chine,Général,ChinaNews,2017-11-10,89
Chine,Général,ChinaNews,2017-11-11,60
Chine,Général,ChinaNews,2017-11-12,89
Chine,Général,ChinaNews,2017-11-13,90
Chine,Général,ChinaNews,2017-11-14,90
Chine,Général,ChinaNews,2017-11-15,90
Chine,Général,ChinaNews,2017-11-16,60
Chine,Général,ChinaNews,2017-11-17,89
Chine,Général,ChinaNews,2017-11-18,89
Chine,Général,ChinaNews,2017-11-19,90
Chine,Général,ChinaNews,2017-11-20,90
Chine,Général,ChinaNews,2017-11-21,59
Chine,Général,ChinaNews,2017-11-22,60
Chine,Général,ChinaNews,2017-11-23,90
Chine,Général,ChinaNews,2017-11-24,60
Chine,Général,ChinaNews,2017-11-25,90
Chine,Général,ChinaNews,2017-11-26,81
Chine,Général,ChinaNews,2017-11-27,90
Chine,Général,ChinaNews,2017-11-28,90
Chine,Général,ChinaNews,2017-11-29,88
Chine,Général,ChinaNews,2017-11-30,90
Chine,Général,ChinaNews,2017-12-01,90
Chine,Général,ChinaNews,2017-12-02,90
Chine,Général,ChinaNews,2017-12-03,90
Chine,Général,ChinaNews,2017-12-04,89
Chine,Général,ChinaNews,2017-12-05,90
Chine,Général,ChinaNews,2017-12-06,90
Chine,Général,ChinaNews,2017-12-07,90
Chine,Général,ChinaNews,2017-12-08,90
Chine,Général,ChinaNews,2017-12-09,90
Chine,Général,ChinaNews,2017-12-10,89
Chine,Général,ChinaNews,2017-12-11,90
Chine,Général,ChinaNews,2017-12-12,89
Chine,Général,ChinaNews,2017-12-13,30
Chine,Général,ChinaNews,2017-12-15,30
Chine,Général,ChinaNews,2017-12-16,90
Chine,Général,ChinaNews,2017-12-17,90
Chine,Général,ChinaNews,2017-12-18,89
Chine,Général,ChinaNews,2017-12-19,60
Chine,Général,ChinaNews,2017-12-20,90
Chine,Général,ChinaNews,2017-12-21,90
Chine,Général,ChinaNews,2017-12-22,90
Chine,Général,ChinaNews,2017-12-23,90
Chine,Général,ChinaNews,2017-12-24,90
Chine,Général,ChinaNews,2017-12-25,90
Chine,Général,ChinaNews,2017-12-26,90
Chine,Général,ChinaNews,2017-12-27,90
Chine,Général,ChinaNews,2017-12-28,90
Chine,Général,ChinaNews,2017-12-29,90
Chine,Général,ChinaNews,2017-12-30,89
Chine,Général,ChinaNews,2017-12-31,84
Chine,Général,ChinaNews,2018-01-01,80
Chine,Général,ChinaNews,2018-01-02,90
Chine,Général,ChinaNews,2018-01-03,90
Chine,Général,ChinaNews,2018-01-04,90
Chine,Général,ChinaNews,2018-01-05,90
Chine,Général,ChinaNews,2018-01-06,90
Chine,Général,ChinaNews,2018-01-07,90
Chine,Général,ChinaNews,2018-01-08,90
Chine,Général,ChinaNews,2018-01-09,90
Chine,Général,ChinaNews,2018-01-10,89
Chine,Général,ChinaNews,2018-01-11,90
Chine,Général,ChinaNews,2018-01-12,90
Chine,Général,ChinaNews,2018-01-13,90
Chine,Général,ChinaNews,2018-01-14,90
Chine,Général,ChinaNews,2018-01-15,90
Chine,Général,ChinaNews,2018-01-16,89
Chine,Général,ChinaNews,2018-01-17,89
Chine,Général,ChinaNews,2018-01-18,90
Chine,Général,ChinaNews,2018-01-19,90
Chine,Général,ChinaNews,2018-01-20,90
Chine,Général,ChinaNews,2018-01-21,90
Chine,Général,ChinaNews,2018-01-22,90
Chine,Général,ChinaNews,2018-01-23,60
Chine,Général,ChinaNews,2018-01-24,90
Chine,Général,ChinaNews,2018-01-25,90
Chine,Général,ChinaNews,2018-01-26,90
Chine,Général,ChinaNews,2018-01-27,89
Chine,Général,ChinaNews,2018-01-28,89
Chine,Général,ChinaNews,2018-01-29,89
Chine,Général,ChinaNews,2018-01-30,88
Chine,Général,ChinaNews,2018-01-31,90
Chine,Général,ChinaNews,2018-02-01,90
Chine,Général,ChinaNews,2018-02-02,90
Chine,Général,ChinaNews,2018-02-03,90
Chine,Général,ChinaNews,2018-02-04,89
Chine,Général,ChinaNews,2018-02-05,89
Chine,Général,ChinaNews,2018-02-06,90
Chine,Général,ChinaNews,2018-02-07,90
Chine,Général,ChinaNews,2018-02-08,90
Chine,Général,ChinaNews,2018-02-09,90
Chine,Général,ChinaNews,2018-02-10,90
Chine,Général,ChinaNews,2018-02-11,90
Chine,Général,ChinaNews,2018-02-12,90
Chine,Général,ChinaNews,2018-02-13,90
Chine,Général,ChinaNews,2018-02-14,85
Chine,Général,ChinaNews,2018-02-15,85
Chine,Général,ChinaNews,2018-02-16,90
Chine,Général,ChinaNews,2018-02-17,90
Chine,Général,ChinaNews,2018-02-18,89
Chine,Général,ChinaNews,2018-02-19,90
Chine,Général,ChinaNews,2018-02-20,90
Chine,Général,ChinaNews,2018-02-21,90
Chine,Général,ChinaNews,2018-02-22,89
Chine,Général,ChinaNews,2018-02-23,90
Chine,Général,ChinaNews,2018-02-24,90
Chine,Général,ChinaNews,2018-02-25,90
Chine,Général,ChinaNews,2018-02-26,90
Chine,Général,ChinaNews,2018-02-27,90
Chine,Général,ChinaNews,2018-02-28,90
Chine,Général,ChinaNews,2018-03-01,89
Chine,Général,ChinaNews,2018-03-02,90
Chine,Général,ChinaNews,2018-03-03,59
Chine,Général,ChinaNews,2018-03-04,89
Chine,Général,ChinaNews,2018-03-05,90
Chine,Général,ChinaNews,2018-03-06,88
Chine,Général,ChinaNews,2018-03-07,90
Chine,Général,ChinaNews,2018-03-08,90
Chine,Général,ChinaNews,2018-03-09,90
Chine,Général,ChinaNews,2018-03-10,90
Chine,Général,ChinaNews,2018-03-11,90
Chine,Général,ChinaNews,2018-03-12,90
Chine,Général,ChinaNews,2018-03-13,90
Chine,Général,ChinaNews,2018-03-14,90
Chine,Général,ChinaNews,2018-03-15,90
Chine,Général,ChinaNews,2018-03-16,90
Chine,Général,ChinaNews,2018-03-17,90
Chine,Général,ChinaNews,2018-03-18,90
Chine,Général,ChinaNews,2018-03-19,90
Chine,Général,ChinaNews,2018-03-20,90
Chine,Général,ChinaNews,2018-03-21,90
Chine,Général,ChinaNews,2018-03-22,90
Chine,Général,ChinaNews,2018-03-23,90
Chine,Général,ChinaNews,2018-03-24,90
Chine,Général,ChinaNews,2018-03-25,90
Chine,Général,ChinaNews,2018-03-26,89
Chine,Général,ChinaNews,2018-03-27,90
Chine,Général,ChinaNews,2018-03-28,60
Chine,Général,ChinaNews,2018-03-29,30
Chine,Général,ChinaNews,2018-03-30,90
Chine,Général,ChinaNews,2018-03-31,90
Chine,Général,ChinaNews,2018-04-01,90
Chine,Général,ChinaNews,2018-04-02,90
Chine,Général,ChinaNews,2018-04-03,90
Chine,Général,ChinaNews,2018-04-04,90
Chine,Général,ChinaNews,2018-04-05,90
Chine,Général,ChinaNews,2018-04-06,90
Chine,Général,ChinaNews,2018-04-07,90
Chine,Général,ChinaNews,2018-04-08,60
Chine,Général,ChinaNews,2018-04-09,89
Chine,Général,ChinaNews,2018-04-10,90
Chine,Général,ChinaNews,2018-04-11,90
Chine,Général,ChinaNews,2018-04-12,60
Chine,Général,ChinaNews,2018-04-13,60
Chine,Général,ChinaNews,2018-04-14,90
Chine,Général,ChinaNews,2018-04-15,30
Chine,Général,ChinaNews,2018-04-16,30
Chine,Général,ChinaNews,2018-04-17,30
Chine,Général,ChinaNews,2018-04-18,30
Chine,Général,ChinaNews,2018-04-19,30
Chine,Général,ChinaNews,2018-04-20,30
Chine,Général,ChinaNews,2018-04-21,30
Chine,Général,ChinaNews,2018-04-22,30
Chine,Général,ChinaNews,2018-04-23,30
Chine,Général,ChinaNews,2018-04-25,30
Chine,Général,ChinaNews,2018-04-26,30
Chine,Général,ChinaNews,2018-04-27,30
Chine,Général,ChinaNews,2018-04-28,30
Chine,Général,ChinaNews,2018-04-29,30
Chine,Général,ChinaNews,2018-04-30,30
Chine,Général,ChinaNews,2018-05-01,30
Chine,Général,ChinaNews,2018-05-02,30
Chine,Général,ChinaNews,2018-05-03,30
Chine,Général,ChinaNews,2018-05-04,30
Chine,Général,ChinaNews,2018-05-05,30
Chine,Général,ChinaNews,2018-05-06,30
Chine,Général,ChinaNews,2018-05-07,30
Chine,Général,ChinaNews,2018-05-08,30
Chine,Général,ChinaNews,2018-05-09,30
Chine,Général,ChinaNews,2018-05-10,30
Chine,Général,ChinaNews,2018-05-11,30
Chine,Général,ChinaNews,2018-05-12,30
Chine,Général,ChinaNews,2018-05-13,30
Chine,Général,ChinaNews,2018-05-14,30
Chine,Général,ChinaNews,2018-05-15,30
Chine,Général,ChinaNews,2018-05-16,30
Chine,Général,ChinaNews,2018-05-17,30
Chine,Général,ChinaNews,2018-05-18,30
Chine,Général,ChinaNews,2018-05-19,30
Chine,Général,ChinaNews,2018-05-20,30
Chine,Général,ChinaNews,2018-05-21,30
Chine,Général,ChinaNews,2018-05-22,30
Chine,Général,ChinaNews,2018-05-23,30
Chine,Général,ChinaNews,2018-05-24,30
Chine,Général,ChinaNews,2018-05-26,30
Chine,Général,ChinaNews,2018-05-27,30
Chine,Général,ChinaNews,2018-05-28,30
Chine,Général,ChinaNews,2018-05-29,29
Chine,Général,ChinaNews,2018-05-30,29
Chine,Général,ChinaNews,2018-05-31,30
Chine,Général,ChinaNews,2018-06-01,30
Chine,Général,ChinaNews,2018-06-02,30
Chine,Général,ChinaNews,2018-06-03,30
Chine,Général,ChinaNews,2018-06-04,30
Chine,Général,ChinaNews,2018-06-05,30
Chine,Général,ChinaNews,2018-06-06,30
Chine,Général,ChinaNews,2018-06-07,30
Chine,Général,ChinaNews,2018-06-08,30
Chine,Général,ChinaNews,2018-06-09,30
Chine,Général,ChinaNews,2018-06-10,30
Chine,Général,ChinaNews,2018-06-11,30
Chine,Général,ChinaNews,2018-06-12,30
Chine,Général,ChinaNews,2018-06-13,30
Chine,Général,ChinaNews,2018-06-14,30
Chine,Général,ChinaNews,2018-06-15,30
Chine,Général,ChinaNews,2018-06-16,30
Chine,Général,ChinaNews,2018-06-17,30
Chine,Général,ChinaNews,2018-06-18,30
Chine,Général,ChinaNews,2018-06-19,29
Chine,Général,ChinaNews,2018-06-20,30
Chine,Général,ChinaNews,2018-06-21,30
Chine,Général,ChinaNews,2018-06-22,30
Chine,Général,ChinaNews,2018-06-23,30
Chine,Général,ChinaNews,2018-06-24,30
Chine,Général,ChinaNews,2018-06-25,29
Chine,Général,ChinaNews,2018-06-26,30
Chine,Général,ChinaNews,2018-06-27,29
Chine,Général,ChinaNews,2018-06-28,30
Chine,Général,ChinaNews,2018-06-29,30
Chine,Général,ChinaNews,2018-06-30,30
Chine,Général,ChinaNews,2018-07-01,30
Chine,Général,ChinaNews,2018-07-07,30
Chine,Général,ChinaNews,2018-07-08,30
Chine,Général,ChinaNews,2018-07-09,30
Chine,Général,ChinaNews,2018-07-12,29
Chine,Général,ChinaNews,2018-07-13,30
Chine,Général,ChinaNews,2018-07-14,30
Chine,Général,ChinaNews,2018-07-15,30
Chine,Général,ChinaNews,2018-07-16,30
Chine,Général,ChinaNews,2018-07-17,30
Chine,Général,ChinaNews,2018-07-18,30
Chine,Général,ChinaNews,2018-07-19,30
Chine,Général,ChinaNews,2018-07-20,30
Chine,Général,ChinaNews,2018-07-24,30
Chine,Général,ChinaNews,2018-07-25,30
Chine,Général,ChinaNews,2018-07-26,30
Chine,Général,ChinaNews,2018-07-27,30
Chine,Général,ChinaNews,2018-07-28,30
Chine,Général,ChinaNews,2018-07-29,30
Chine,Général,ChinaNews,2018-07-30,30
Chine,Général,ChinaNews,2018-07-31,30
Chine,Général,ChinaNews,2018-08-01,30
Chine,Général,ChinaNews,2018-08-02,30
Chine,Général,ChinaNews,2018-08-03,30
Chine,Général,ChinaNews,2018-08-04,30
Chine,Général,ChinaNews,2018-08-05,30
Chine,Général,ChinaNews,2018-08-06,30
Chine,Général,ChinaNews,2018-08-07,30
Chine,Général,ChinaNews,2018-08-08,30
Chine,Général,ChinaNews,2018-08-09,30
Chine,Général,ChinaNews,2018-08-10,30
Chine,Général,ChinaNews,2018-08-11,30
Chine,Général,ChinaNews,2018-08-12,30
Chine,Général,ChinaNews,2018-08-13,30
Chine,Général,ChinaNews,2018-08-14,30
Chine,Général,ChinaNews,2018-08-15,30
Chine,Général,ChinaNews,2018-08-16,30
Chine,Général,ChinaNews,2018-08-17,30
Chine,Général,ChinaNews,2018-08-18,30
Chine,Général,ChinaNews,2018-08-19,30
Chine,Général,ChinaNews,2018-08-20,30
Chine,Général,ChinaNews,2018-08-21,30
Chine,Général,ChinaNews,2018-08-22,30
Chine,Général,ChinaNews,2018-08-23,30
Chine,Général,ChinaNews,2018-08-24,30
Chine,Général,ChinaNews,2018-08-25,30
Chine,Général,ChinaNews,2018-08-26,30
Chine,Général,ChinaNews,2018-08-27,30
Chine,Général,ChinaNews,2018-08-28,30
Chine,Général,ChinaNews,2018-08-29,30
Chine,Général,ChinaNews,2018-08-30,30
Chine,Général,ChinaNews,2018-08-31,30
Chine,Général,ChinaNews,2018-09-01,30
Chine,Général,ChinaNews,2018-09-02,30
Chine,Général,ChinaNews,2018-09-03,30
Chine,Général,ChinaNews,2018-09-04,30
Chine,Général,ChinaNews,2018-09-05,30
Chine,Général,ChinaNews,2018-09-06,30
Chine,Général,ChinaNews,2018-09-07,30
Chine,Général,ChinaNews,2018-09-08,29
Chine,Général,ChinaNews,2018-09-09,30
Chine,Général,ChinaNews,2018-09-10,30
Chine,Général,ChinaNews,2018-09-11,30
Chine,Général,ChinaNews,2018-09-12,30
Chine,Général,ChinaNews,2018-09-13,30
Chine,Général,ChinaNews,2018-09-14,30
Chine,Général,ChinaNews,2018-09-15,30
Chine,Général,ChinaNews,2018-09-16,30
Chine,Général,ChinaNews,2018-09-17,30
Chine,Général,ChinaNews,2018-09-18,30
Chine,Général,ChinaNews,2018-09-19,30
Chine,Général,ChinaNews,2018-09-20,30
Chine,Général,ChinaNews,2018-09-21,30
Chine,Général,ChinaNews,2018-09-22,30
Chine,Général,ChinaNews,2018-09-24,30
Chine,Général,ChinaNews,2018-09-25,30
Chine,Général,ChinaNews,2018-09-29,30
Chine,Général,Xinhua,2017-05-19,296
Chine,Général,Xinhua,2017-05-20,124
Chine,Général,Xinhua,2017-05-21,329
Chine,Général,Xinhua,2017-05-22,304
Chine,Général,Xinhua,2017-05-23,337
Chine,Général,Xinhua,2017-05-24,193
Chine,Général,Xinhua,2017-05-25,94
Chine,Général,Xinhua,2017-05-26,139
Chine,Général,Xinhua,2017-05-27,105
Chine,Général,Xinhua,2017-05-28,69
Chine,Général,Xinhua,2017-05-29,54
Chine,Général,Xinhua,2017-05-30,91
Chine,Général,Xinhua,2017-05-31,178
Chine,Général,Xinhua,2017-06-01,183
Chine,Général,Xinhua,2017-06-02,69
Chine,Général,Xinhua,2017-06-03,53
Chine,Général,Xinhua,2017-06-04,102
Chine,Général,Xinhua,2017-06-05,157
Chine,Général,Xinhua,2017-06-06,206
Chine,Général,Xinhua,2017-06-07,220
Chine,Général,Xinhua,2017-06-08,128
Chine,Général,Xinhua,2017-06-09,111
Chine,Général,Xinhua,2017-06-10,76
Chine,Général,Xinhua,2017-06-11,103
Chine,Général,Xinhua,2017-06-12,130
Chine,Général,Xinhua,2017-06-13,152
Chine,Général,Xinhua,2017-06-14,151
Chine,Général,Xinhua,2017-06-15,169
Chine,Général,Xinhua,2017-06-16,124
Chine,Général,Xinhua,2017-06-17,84
Chine,Général,Xinhua,2017-06-18,113
Chine,Général,Xinhua,2017-06-19,125
Chine,Général,Xinhua,2017-06-20,135
Chine,Général,Xinhua,2017-06-21,121
Chine,Général,Xinhua,2017-06-22,166
Chine,Général,Xinhua,2017-06-23,107
Chine,Général,Xinhua,2017-06-24,106
Chine,Général,Xinhua,2017-06-25,92
Chine,Général,Xinhua,2017-06-26,114
Chine,Général,Xinhua,2017-06-27,154
Chine,Général,Xinhua,2017-06-28,154
Chine,Général,Xinhua,2017-06-29,146
Chine,Général,Xinhua,2017-06-30,151
Chine,Général,Xinhua,2017-07-01,104
Chine,Général,Xinhua,2017-07-02,147
Chine,Général,Xinhua,2017-07-03,81
Chine,Général,Xinhua,2017-07-04,105
Chine,Général,Xinhua,2017-07-05,139
Chine,Général,Xinhua,2017-07-06,118
Chine,Général,Xinhua,2017-07-07,108
Chine,Général,Xinhua,2017-07-08,90
Chine,Général,Xinhua,2017-07-09,107
Chine,Général,Xinhua,2017-07-10,118
Chine,Général,Xinhua,2017-07-11,123
Chine,Général,Xinhua,2017-07-12,131
Chine,Général,Xinhua,2017-07-13,130
Chine,Général,Xinhua,2017-07-14,87
Chine,Général,Xinhua,2017-07-15,48
Chine,Général,Xinhua,2017-07-16,111
Chine,Général,Xinhua,2017-07-17,120
Chine,Général,Xinhua,2017-07-18,133
Chine,Général,Xinhua,2017-07-19,110
Chine,Général,Xinhua,2017-07-20,111
Chine,Général,Xinhua,2017-07-21,115
Chine,Général,Xinhua,2017-07-22,56
Chine,Général,Xinhua,2017-07-23,79
Chine,Général,Xinhua,2017-07-24,138
Chine,Général,Xinhua,2017-07-25,165
Chine,Général,Xinhua,2017-07-26,128
Chine,Général,Xinhua,2017-07-27,128
Chine,Général,Xinhua,2017-07-28,129
Chine,Général,Xinhua,2017-07-29,130
Chine,Général,Xinhua,2017-07-30,89
Chine,Général,Xinhua,2017-07-31,143
Chine,Général,Xinhua,2017-08-01,140
Chine,Général,Xinhua,2017-08-02,107
Chine,Général,Xinhua,2017-08-03,117
Chine,Général,Xinhua,2017-08-04,102
Chine,Général,Xinhua,2017-08-05,49
Chine,Général,Xinhua,2017-08-06,92
Chine,Général,Xinhua,2017-08-07,90
Chine,Général,Xinhua,2017-08-08,114
Chine,Général,Xinhua,2017-08-09,132
Chine,Général,Xinhua,2017-08-10,101
Chine,Général,Xinhua,2017-08-11,109
Chine,Général,Xinhua,2017-08-12,73
Chine,Général,Xinhua,2017-08-13,63
Chine,Général,Xinhua,2017-08-14,91
Chine,Général,Xinhua,2017-08-15,117
Chine,Général,Xinhua,2017-08-16,119
Chine,Général,Xinhua,2017-08-17,115
Chine,Général,Xinhua,2017-08-18,91
Chine,Général,Xinhua,2017-08-19,77
Chine,Général,Xinhua,2017-08-20,101
Chine,Général,Xinhua,2017-08-21,111
Chine,Général,Xinhua,2017-08-22,110
Chine,Général,Xinhua,2017-08-23,100
Chine,Général,Xinhua,2017-08-24,114
Chine,Général,Xinhua,2017-08-25,98
Chine,Général,Xinhua,2017-08-26,58
Chine,Général,Xinhua,2017-08-27,93
Chine,Général,Xinhua,2017-08-28,118
Chine,Général,Xinhua,2017-08-29,130
Chine,Général,Xinhua,2017-08-30,118
Chine,Général,Xinhua,2017-08-31,137
Chine,Général,Xinhua,2017-09-01,125
Chine,Général,Xinhua,2017-09-02,54
Chine,Général,Xinhua,2017-09-03,65
Chine,Général,Xinhua,2017-09-04,84
Chine,Général,Xinhua,2017-09-05,94
Chine,Général,Xinhua,2017-09-06,143
Chine,Général,Xinhua,2017-09-07,141
Chine,Général,Xinhua,2017-09-08,135
Chine,Général,Xinhua,2017-09-09,76
Chine,Général,Xinhua,2017-09-10,113
Chine,Général,Xinhua,2017-09-11,140
Chine,Général,Xinhua,2017-09-12,138
Chine,Général,Xinhua,2017-09-13,150
Chine,Général,Xinhua,2017-09-14,131
Chine,Général,Xinhua,2017-09-15,139
Chine,Général,Xinhua,2017-09-16,86
Chine,Général,Xinhua,2017-09-17,123
Chine,Général,Xinhua,2017-09-18,131
Chine,Général,Xinhua,2017-09-19,172
Chine,Général,Xinhua,2017-09-20,66
Chine,Général,Xinhua,2017-09-21,108
Chine,Général,Xinhua,2017-09-22,76
Chine,Général,Xinhua,2017-09-23,59
Chine,Général,Xinhua,2017-09-24,56
Chine,Général,Xinhua,2017-09-25,114
Chine,Général,Xinhua,2017-09-26,107
Chine,Général,Xinhua,2017-09-27,109
Chine,Général,Xinhua,2017-09-28,119
Chine,Général,Xinhua,2017-09-29,136
Chine,Général,Xinhua,2017-09-30,69
Chine,Général,Xinhua,2017-10-01,40
Chine,Général,Xinhua,2017-10-02,44
Chine,Général,Xinhua,2017-10-03,42
Chine,Général,Xinhua,2017-10-04,47
Chine,Général,Xinhua,2017-10-05,38
Chine,Général,Xinhua,2017-10-06,36
Chine,Général,Xinhua,2017-10-07,46
Chine,Général,Xinhua,2017-10-08,70
Chine,Général,Xinhua,2017-10-09,88
Chine,Général,Xinhua,2017-10-10,83
Chine,Général,Xinhua,2017-10-11,99
Chine,Général,Xinhua,2017-10-12,56
Chine,Général,Xinhua,2017-10-13,74
Chine,Général,Xinhua,2017-10-14,74
Chine,Général,Xinhua,2017-10-15,62
Chine,Général,Xinhua,2017-10-16,92
Chine,Général,Xinhua,2017-10-17,125
Chine,Général,Xinhua,2017-10-18,61
Chine,Général,Xinhua,2017-10-19,67
Chine,Général,Xinhua,2017-10-20,63
Chine,Général,Xinhua,2017-10-21,51
Chine,Général,Xinhua,2017-10-22,97
Chine,Général,Xinhua,2017-10-23,93
Chine,Général,Xinhua,2017-10-24,87
Chine,Général,Xinhua,2017-10-25,347
Chine,Général,Xinhua,2017-11-03,98
Chine,Général,Xinhua,2017-11-04,17
Chine,Général,Xinhua,2017-11-05,89
Chine,Général,Xinhua,2017-11-06,104
Chine,Général,Xinhua,2017-11-07,100
Chine,Général,Xinhua,2017-11-08,108
Chine,Général,Xinhua,2017-11-09,78
Chine,Général,Xinhua,2017-11-10,63
Chine,Général,Xinhua,2017-11-11,36
Chine,Général,Xinhua,2017-11-12,60
Chine,Général,Xinhua,2017-11-13,95
Chine,Général,Xinhua,2017-11-14,70
Chine,Général,Xinhua,2017-11-15,100
Chine,Général,Xinhua,2017-11-16,89
Chine,Général,Xinhua,2017-11-17,88
Chine,Général,Xinhua,2017-11-18,47
Chine,Général,Xinhua,2017-11-19,88
Chine,Général,Xinhua,2017-11-20,143
Chine,Général,Xinhua,2017-11-21,49
Chine,Général,Xinhua,2017-11-22,80
Chine,Général,Xinhua,2017-11-23,103
Chine,Général,Xinhua,2017-11-24,87
Chine,Général,Xinhua,2017-11-25,47
Chine,Général,Xinhua,2017-11-26,76
Chine,Général,Xinhua,2017-11-27,99
Chine,Général,Xinhua,2017-11-28,103
Chine,Général,Xinhua,2017-11-29,118
Chine,Général,Xinhua,2017-11-30,95
Chine,Général,Xinhua,2017-12-01,112
Chine,Général,Xinhua,2017-12-02,68
Chine,Général,Xinhua,2017-12-03,101
Chine,Général,Xinhua,2017-12-04,121
Chine,Général,Xinhua,2017-12-05,104
Chine,Général,Xinhua,2017-12-06,101
Chine,Général,Xinhua,2017-12-07,102
Chine,Général,Xinhua,2017-12-08,94
Chine,Général,Xinhua,2017-12-09,47
Chine,Général,Xinhua,2017-12-10,95
Chine,Général,Xinhua,2017-12-11,99
Chine,Général,Xinhua,2017-12-12,215
Chine,Général,Xinhua,2017-12-13,182
Chine,Général,Xinhua,2017-12-15,105
Chine,Général,Xinhua,2017-12-17,97
Chine,Général,Xinhua,2017-12-18,87
Chine,Général,Xinhua,2017-12-19,119
Chine,Général,Xinhua,2017-12-20,290
Chine,Général,Xinhua,2017-12-21,279
Chine,Général,Xinhua,2017-12-22,29
Chine,Général,Xinhua,2017-12-23,85
Chine,Général,Xinhua,2017-12-24,90
Chine,Général,Xinhua,2017-12-25,94
Chine,Général,Xinhua,2017-12-26,116
Chine,Général,Xinhua,2017-12-27,141
Chine,Général,Xinhua,2017-12-28,119
Chine,Général,Xinhua,2017-12-29,88
Chine,Général,Xinhua,2017-12-30,58
Chine,Général,Xinhua,2017-12-31,83
Chine,Général,Xinhua,2018-01-01,73
Chine,Général,Xinhua,2018-01-02,103
Chine,Général,Xinhua,2018-01-03,104
Chine,Général,Xinhua,2018-01-04,103
Chine,Général,Xinhua,2018-01-05,84
Chine,Général,Xinhua,2018-01-06,46
Chine,Général,Xinhua,2018-01-07,75
Chine,Général,Xinhua,2018-01-08,114
Chine,Général,Xinhua,2018-01-09,119
Chine,Général,Xinhua,2018-01-10,102
Chine,Général,Xinhua,2018-01-11,112
Chine,Général,Xinhua,2018-01-12,100
Chine,Général,Xinhua,2018-01-13,65
Chine,Général,Xinhua,2018-01-14,101
Chine,Général,Xinhua,2018-01-15,70
Chine,Général,Xinhua,2018-01-16,115
Chine,Général,Xinhua,2018-01-17,76
Chine,Général,Xinhua,2018-01-18,75
Chine,Général,Xinhua,2018-01-19,77
Chine,Général,Xinhua,2018-01-20,67
Chine,Général,Xinhua,2018-01-21,57
Chine,Général,Xinhua,2018-01-22,73
Chine,Général,Xinhua,2018-01-23,105
Chine,Général,Xinhua,2018-01-24,101
Chine,Général,Xinhua,2018-01-25,107
Chine,Général,Xinhua,2018-01-26,86
Chine,Général,Xinhua,2018-01-27,62
Chine,Général,Xinhua,2018-01-28,84
Chine,Général,Xinhua,2018-01-29,79
Chine,Général,Xinhua,2018-01-30,103
Chine,Général,Xinhua,2018-01-31,103
Chine,Général,Xinhua,2018-02-01,76
Chine,Général,Xinhua,2018-02-02,75
Chine,Général,Xinhua,2018-02-03,61
Chine,Général,Xinhua,2018-02-04,67
Chine,Général,Xinhua,2018-02-05,100
Chine,Général,Xinhua,2018-02-06,120
Chine,Général,Xinhua,2018-02-07,131
Chine,Général,Xinhua,2018-02-08,92
Chine,Général,Xinhua,2018-02-09,96
Chine,Général,Xinhua,2018-02-10,71
Chine,Général,Xinhua,2018-02-11,92
Chine,Général,Xinhua,2018-02-12,101
Chine,Général,Xinhua,2018-02-13,91
Chine,Général,Xinhua,2018-02-14,69
Chine,Général,Xinhua,2018-02-15,80
Chine,Général,Xinhua,2018-02-16,35
Chine,Général,Xinhua,2018-02-17,24
Chine,Général,Xinhua,2018-02-18,38
Chine,Général,Xinhua,2018-02-19,46
Chine,Général,Xinhua,2018-02-20,45
Chine,Général,Xinhua,2018-02-21,51
Chine,Général,Xinhua,2018-02-22,61
Chine,Général,Xinhua,2018-02-23,73
Chine,Général,Xinhua,2018-02-24,114
Chine,Général,Xinhua,2018-02-25,45
Chine,Général,Xinhua,2018-02-26,85
Chine,Général,Xinhua,2018-02-27,83
Chine,Général,Xinhua,2018-02-28,73
Chine,Général,Xinhua,2018-03-01,101
Chine,Général,Xinhua,2018-03-02,71
Chine,Général,Xinhua,2018-03-03,64
Chine,Général,Xinhua,2018-03-04,105
Chine,Général,Xinhua,2018-03-05,98
Chine,Général,Xinhua,2018-03-06,108
Chine,Général,Xinhua,2018-03-07,103
Chine,Général,Xinhua,2018-03-08,99
Chine,Général,Xinhua,2018-03-09,112
Chine,Général,Xinhua,2018-03-10,88
Chine,Général,Xinhua,2018-03-11,62
Chine,Général,Xinhua,2018-03-12,108
Chine,Général,Xinhua,2018-03-13,91
Chine,Général,Xinhua,2018-03-14,107
Chine,Général,Xinhua,2018-03-15,67
Chine,Général,Xinhua,2018-03-16,77
Chine,Général,Xinhua,2018-03-17,81
Chine,Général,Xinhua,2018-03-18,52
Chine,Général,Xinhua,2018-03-19,77
Chine,Général,Xinhua,2018-03-20,56
Chine,Général,Xinhua,2018-03-21,75
Chine,Général,Xinhua,2018-03-22,78
Chine,Général,Xinhua,2018-03-23,55
Chine,Général,Xinhua,2018-03-24,59
Chine,Général,Xinhua,2018-03-25,53
Chine,Général,Xinhua,2018-03-26,83
Chine,Général,Xinhua,2018-03-27,75
Chine,Général,Xinhua,2018-03-28,121
Chine,Général,Xinhua,2018-03-29,25
Chine,Général,Xinhua,2018-03-30,62
Chine,Général,Xinhua,2018-03-31,38
Chine,Général,Xinhua,2018-04-01,48
Chine,Général,Xinhua,2018-04-02,83
Chine,Général,Xinhua,2018-04-03,81
Chine,Général,Xinhua,2018-04-04,77
Chine,Général,Xinhua,2018-04-05,52
Chine,Général,Xinhua,2018-04-06,43
Chine,Général,Xinhua,2018-04-07,60
Chine,Général,Xinhua,2018-04-08,75
Chine,Général,Xinhua,2018-04-09,96
Chine,Général,Xinhua,2018-04-10,111
Chine,Général,Xinhua,2018-04-11,82
Chine,Général,Xinhua,2018-04-12,91
Chine,Général,Xinhua,2018-04-13,82
Chine,Général,Xinhua,2018-04-14,42
Chine,Général,Xinhua,2018-04-15,81
Chine,Général,Xinhua,2018-04-16,99
Chine,Général,Xinhua,2018-04-17,111
Chine,Général,Xinhua,2018-04-18,94
Chine,Général,Xinhua,2018-04-19,93
Chine,Général,Xinhua,2018-04-20,93
Chine,Général,Xinhua,2018-04-21,78
Chine,Général,Xinhua,2018-04-22,163
Chine,Général,Xinhua,2018-04-23,152
Chine,Général,Xinhua,2018-04-25,252
Chine,Général,Xinhua,2018-04-26,79
Chine,Général,Xinhua,2018-04-27,98
Chine,Général,Xinhua,2018-04-28,42
Chine,Général,Xinhua,2018-04-29,54
Chine,Général,Xinhua,2018-04-30,105
Chine,Général,Xinhua,2018-05-01,61
Chine,Général,Xinhua,2018-05-02,63
Chine,Général,Xinhua,2018-05-03,105
Chine,Général,Xinhua,2018-05-04,100
Chine,Général,Xinhua,2018-05-05,70
Chine,Général,Xinhua,2018-05-06,70
Chine,Général,Xinhua,2018-05-07,77
Chine,Général,Xinhua,2018-05-08,85
Chine,Général,Xinhua,2018-05-09,118
Chine,Général,Xinhua,2018-05-10,93
Chine,Général,Xinhua,2018-05-11,83
Chine,Général,Xinhua,2018-05-12,69
Chine,Général,Xinhua,2018-05-13,89
Chine,Général,Xinhua,2018-05-14,86
Chine,Général,Xinhua,2018-05-15,129
Chine,Général,Xinhua,2018-05-16,89
Chine,Général,Xinhua,2018-05-17,97
Chine,Général,Xinhua,2018-05-18,74
Chine,Général,Xinhua,2018-05-19,64
Chine,Général,Xinhua,2018-05-20,90
Chine,Général,Xinhua,2018-05-21,94
Chine,Général,Xinhua,2018-05-22,114
Chine,Général,Xinhua,2018-05-23,202
Chine,Général,Xinhua,2018-05-24,110
Chine,Général,Xinhua,2018-05-26,124
Chine,Général,Xinhua,2018-05-27,21
Chine,Général,Xinhua,2018-05-28,85
Chine,Général,Xinhua,2018-05-29,113
Chine,Général,Xinhua,2018-05-30,152
Chine,Général,Xinhua,2018-05-31,88
Chine,Général,Xinhua,2018-06-01,65
Chine,Général,Xinhua,2018-06-02,66
Chine,Général,Xinhua,2018-06-03,121
Chine,Général,Xinhua,2018-06-05,118
Chine,Général,Xinhua,2018-06-06,88
Chine,Général,Xinhua,2018-06-07,73
Chine,Général,Xinhua,2018-06-08,88
Chine,Général,Xinhua,2018-06-09,34
Chine,Général,Xinhua,2018-06-10,66
Chine,Général,Xinhua,2018-06-11,100
Chine,Général,Xinhua,2018-06-12,145
Chine,Général,Xinhua,2018-06-13,138
Chine,Général,Xinhua,2018-06-14,85
Chine,Général,Xinhua,2018-06-15,62
Chine,Général,Xinhua,2018-06-16,49
Chine,Général,Xinhua,2018-06-17,43
Chine,Général,Xinhua,2018-06-18,59
Chine,Général,Xinhua,2018-06-19,89
Chine,Général,Xinhua,2018-06-20,97
Chine,Général,Xinhua,2018-06-21,115
Chine,Général,Xinhua,2018-06-22,88
Chine,Général,Xinhua,2018-06-23,53
Chine,Général,Xinhua,2018-06-24,76
Chine,Général,Xinhua,2018-06-25,111
Chine,Général,Xinhua,2018-06-26,171
Chine,Général,Xinhua,2018-06-27,91
Chine,Général,Xinhua,2018-06-28,53
Chine,Général,Xinhua,2018-06-29,105
Chine,Général,Xinhua,2018-06-30,59
Chine,Général,Xinhua,2018-07-01,300
Chine,Général,Xinhua,2018-07-07,137
Chine,Général,Xinhua,2018-07-08,64
Chine,Général,Xinhua,2018-07-09,236
Chine,Général,Xinhua,2018-07-12,149
Chine,Général,Xinhua,2018-07-13,53
Chine,Général,Xinhua,2018-07-14,45
Chine,Général,Xinhua,2018-07-15,70
Chine,Général,Xinhua,2018-07-16,95
Chine,Général,Xinhua,2018-07-17,105
Chine,Général,Xinhua,2018-07-18,78
Chine,Général,Xinhua,2018-07-19,163
Chine,Général,Xinhua,2018-07-20,214
Chine,Général,Xinhua,2018-07-24,206
Chine,Général,Xinhua,2018-07-25,12
Chine,Général,Xinhua,2018-07-26,106
Chine,Général,Xinhua,2018-07-27,87
Chine,Général,Xinhua,2018-07-28,58
Chine,Général,Xinhua,2018-07-29,97
Chine,Général,Xinhua,2018-07-30,123
Chine,Général,Xinhua,2018-07-31,158
Chine,Général,Xinhua,2018-08-01,121
Chine,Général,Xinhua,2018-08-02,49
Chine,Général,Xinhua,2018-08-03,81
Chine,Général,Xinhua,2018-08-04,71
Chine,Général,Xinhua,2018-08-05,73
Chine,Général,Xinhua,2018-08-06,80
Chine,Général,Xinhua,2018-08-07,135
Chine,Général,Xinhua,2018-08-08,95
Chine,Général,Xinhua,2018-08-09,78
Chine,Général,Xinhua,2018-08-10,85
Chine,Général,Xinhua,2018-08-11,69
Chine,Général,Xinhua,2018-08-12,69
Chine,Général,Xinhua,2018-08-13,84
Chine,Général,Xinhua,2018-08-14,95
Chine,Général,Xinhua,2018-08-15,123
Chine,Général,Xinhua,2018-08-16,117
Chine,Général,Xinhua,2018-08-17,84
Chine,Général,Xinhua,2018-08-18,76
Chine,Général,Xinhua,2018-08-19,71
Chine,Général,Xinhua,2018-08-20,115
Chine,Général,Xinhua,2018-08-21,115
Chine,Général,Xinhua,2018-08-22,86
Chine,Général,Xinhua,2018-08-23,96
Chine,Général,Xinhua,2018-08-24,75
Chine,Général,Xinhua,2018-08-25,90
Chine,Général,Xinhua,2018-08-26,119
Chine,Général,Xinhua,2018-08-27,174
Chine,Général,Xinhua,2018-08-28,134
Chine,Général,Xinhua,2018-08-29,75
Chine,Général,Xinhua,2018-08-30,95
Chine,Général,Xinhua,2018-08-31,84
Chine,Général,Xinhua,2018-09-01,61
Chine,Général,Xinhua,2018-09-02,61
Chine,Général,Xinhua,2018-09-03,79
Chine,Général,Xinhua,2018-09-04,109
Chine,Général,Xinhua,2018-09-05,94
Chine,Général,Xinhua,2018-09-06,97
Chine,Général,Xinhua,2018-09-07,105
Chine,Général,Xinhua,2018-09-08,60
Chine,Général,Xinhua,2018-09-09,70
Chine,Général,Xinhua,2018-09-10,95
Chine,Général,Xinhua,2018-09-11,139
Chine,Général,Xinhua,2018-09-12,112
Chine,Général,Xinhua,2018-09-13,78
Chine,Général,Xinhua,2018-09-14,91
Chine,Général,Xinhua,2018-09-15,71
Chine,Général,Xinhua,2018-09-16,89
Chine,Général,Xinhua,2018-09-17,118
Chine,Général,Xinhua,2018-09-18,114
Chine,Général,Xinhua,2018-09-19,96
Chine,Général,Xinhua,2018-09-20,95
Chine,Général,Xinhua,2018-09-21,85
Chine,Général,Xinhua,2018-09-22,61
Chine,Général,Xinhua,2018-09-23,49
Chine,Général,Xinhua,2018-09-24,97
Chine,Général,Xinhua,2018-09-25,251
Chine,Général,Xinhua,2018-09-29,300
Chine,Général,Huanqiu,2016-05-06,24
Chine,Général,Huanqiu,2016-05-08,100
Chine,Général,Huanqiu,2016-05-09,97
Chine,Général,Huanqiu,2016-05-10,108
Chine,Général,Huanqiu,2016-05-11,122
Chine,Général,Huanqiu,2016-05-12,116
Chine,Général,Huanqiu,2016-05-13,37
Chine,Général,Huanqiu,2016-05-14,3
Chine,Général,Huanqiu,2016-05-15,65
Chine,Général,Huanqiu,2016-05-16,161
Chine,Général,Huanqiu,2016-05-17,85
Chine,Général,Huanqiu,2016-05-18,123
Chine,Général,Huanqiu,2016-05-19,130
Chine,Général,Huanqiu,2016-05-20,18
Chine,Général,Huanqiu,2016-05-22,20
Chine,Général,Huanqiu,2016-05-23,90
Chine,Général,Huanqiu,2016-05-24,120
Chine,Général,Huanqiu,2016-05-25,123
Chine,Général,Huanqiu,2016-05-26,122
Chine,Général,Huanqiu,2016-05-27,121
Chine,Général,Huanqiu,2016-05-28,109
Chine,Général,Huanqiu,2016-06-04,38
Chine,Général,Huanqiu,2016-06-05,36
Chine,Général,Huanqiu,2016-06-06,207
Chine,Général,Huanqiu,2016-06-07,131
Chine,Général,Huanqiu,2016-06-08,22
Chine,Général,Huanqiu,2016-06-09,5
Chine,Général,Huanqiu,2016-06-10,15
Chine,Général,Huanqiu,2016-06-11,101
Chine,Général,Huanqiu,2016-06-14,141
Chine,Général,Huanqiu,2016-06-15,106
Chine,Général,Huanqiu,2016-06-16,94
Chine,Général,Huanqiu,2016-06-21,103
Chine,Général,Huanqiu,2016-06-22,124
Chine,Général,Huanqiu,2016-06-23,92
Chine,Général,Huanqiu,2016-06-24,40
Chine,Général,Huanqiu,2016-06-25,12
Chine,Général,Huanqiu,2016-06-26,36
Chine,Général,Huanqiu,2016-06-27,181
Chine,Général,Huanqiu,2016-06-28,112
Chine,Général,Huanqiu,2016-06-29,117
Chine,Général,Huanqiu,2016-06-30,100
Chine,Général,Huanqiu,2016-07-01,49
Chine,Général,Huanqiu,2016-07-02,39
Chine,Général,Huanqiu,2016-07-03,62
Chine,Général,Huanqiu,2016-07-23,12
Chine,Général,Huanqiu,2016-07-24,120
Chine,Général,Huanqiu,2016-07-25,128
Chine,Général,Huanqiu,2016-07-26,89
Chine,Général,Huanqiu,2016-07-27,129
Chine,Général,Huanqiu,2016-07-28,118
Chine,Général,Huanqiu,2016-07-29,39
Chine,Général,Huanqiu,2016-07-30,8
Chine,Général,Huanqiu,2016-07-31,99
Chine,Général,Huanqiu,2016-08-01,118
Chine,Général,Huanqiu,2016-08-02,122
Chine,Général,Huanqiu,2016-08-03,129
Chine,Général,Huanqiu,2016-08-04,139
Chine,Général,Huanqiu,2016-08-05,27
Chine,Général,Huanqiu,2016-08-06,5
Chine,Général,Huanqiu,2016-08-07,120
Chine,Général,Huanqiu,2016-08-08,108
Chine,Général,Huanqiu,2016-08-09,102
Chine,Général,Huanqiu,2016-08-10,99
Chine,Général,Huanqiu,2016-08-11,106
Chine,Général,Huanqiu,2016-08-12,40
Chine,Général,Huanqiu,2016-08-13,6
Chine,Général,Huanqiu,2016-08-14,115
Chine,Général,Huanqiu,2016-08-15,101
Chine,Général,Huanqiu,2016-08-16,120
Chine,Général,Huanqiu,2016-08-17,132
Chine,Général,Huanqiu,2016-08-18,124
Chine,Général,Huanqiu,2016-08-19,41
Chine,Général,Huanqiu,2016-08-20,14
Chine,Général,Huanqiu,2016-08-21,112
Chine,Général,Huanqiu,2016-08-22,95
Chine,Général,Huanqiu,2016-08-23,126
Chine,Général,Huanqiu,2016-08-24,125
Chine,Général,Huanqiu,2016-08-25,108
Chine,Général,Huanqiu,2016-08-26,9
Chine,Général,Huanqiu,2016-08-27,3
Chine,Général,Huanqiu,2016-08-29,198
Chine,Général,Huanqiu,2016-08-30,114
Chine,Général,Huanqiu,2016-08-31,110
Chine,Général,Huanqiu,2016-09-01,109
Chine,Général,Huanqiu,2016-09-06,147
Chine,Général,Huanqiu,2016-09-07,98
Chine,Général,Huanqiu,2016-09-08,122
Chine,Général,Huanqiu,2016-09-09,31
Chine,Général,Huanqiu,2016-09-10,65
Chine,Général,Huanqiu,2016-09-11,34
Chine,Général,Huanqiu,2016-09-17,83
Chine,Général,Huanqiu,2016-09-18,100
Chine,Général,Huanqiu,2016-09-19,113
Chine,Général,Huanqiu,2016-09-20,111
Chine,Général,Huanqiu,2016-09-21,100
Chine,Général,Huanqiu,2016-09-22,120
Chine,Général,Huanqiu,2016-09-23,8
Chine,Général,Huanqiu,2016-09-24,13
Chine,Général,Huanqiu,2016-09-25,98
Chine,Général,Huanqiu,2016-09-26,103
Chine,Général,Huanqiu,2016-09-27,143
Chine,Général,Huanqiu,2016-09-28,105
Chine,Général,Huanqiu,2016-09-29,133
Chine,Général,Huanqiu,2016-09-30,27
Chine,Général,Huanqiu,2016-10-02,6
Chine,Général,Huanqiu,2016-10-03,12
Chine,Général,Huanqiu,2016-10-04,12
Chine,Général,Huanqiu,2016-10-05,5
Chine,Général,Huanqiu,2016-10-06,5
Chine,Général,Huanqiu,2016-10-07,24
Chine,Général,Huanqiu,2016-10-08,138
Chine,Général,Huanqiu,2016-10-09,91
Chine,Général,Huanqiu,2017-06-09,100
Chine,Général,Huanqiu,2017-06-12,187
Chine,Général,Huanqiu,2017-06-13,95
Chine,Général,Huanqiu,2017-06-14,90
Chine,Général,Huanqiu,2017-06-15,74
Chine,Général,Huanqiu,2017-06-16,24
Chine,Général,Huanqiu,2017-06-17,8
Chine,Général,Huanqiu,2017-06-18,46
Chine,Général,Huanqiu,2017-06-19,108
Chine,Général,Huanqiu,2017-06-20,93
Chine,Général,Huanqiu,2017-06-21,110
Chine,Général,Huanqiu,2017-06-22,93
Chine,Général,Huanqiu,2017-06-23,22
Chine,Général,Huanqiu,2017-06-24,4
Chine,Général,Huanqiu,2017-06-25,40
Chine,Général,Huanqiu,2017-06-26,112
Chine,Général,Huanqiu,2017-06-27,98
Chine,Général,Huanqiu,2017-06-28,96
Chine,Général,Huanqiu,2017-06-29,73
Chine,Général,Huanqiu,2017-06-30,21
Chine,Général,Huanqiu,2017-07-01,11
Chine,Général,Huanqiu,2017-07-02,61
Chine,Général,Huanqiu,2017-07-03,91
Chine,Général,Huanqiu,2017-07-04,80
Chine,Général,Huanqiu,2017-07-05,64
Chine,Général,Huanqiu,2017-07-06,69
Chine,Général,Huanqiu,2017-07-07,13
Chine,Général,Huanqiu,2017-07-08,13
Chine,Général,Huanqiu,2017-07-09,50
Chine,Général,Huanqiu,2017-07-10,133
Chine,Général,Huanqiu,2017-07-11,100
Chine,Général,Huanqiu,2017-07-12,102
Chine,Général,Huanqiu,2017-07-13,93
Chine,Général,Huanqiu,2017-07-14,2
Chine,Général,Huanqiu,2017-07-15,5
Chine,Général,Huanqiu,2017-07-16,50
Chine,Général,Huanqiu,2017-07-17,140
Chine,Général,Huanqiu,2017-07-18,96
Chine,Général,Huanqiu,2017-07-19,122
Chine,Général,Huanqiu,2017-07-20,81
Chine,Général,Huanqiu,2017-07-21,20
Chine,Général,Huanqiu,2017-07-22,2
Chine,Général,Huanqiu,2017-07-23,58
Chine,Général,Huanqiu,2017-07-24,106
Chine,Général,Huanqiu,2017-07-25,99
Chine,Général,Huanqiu,2017-07-26,81
Chine,Général,Huanqiu,2017-07-27,61
Chine,Général,Huanqiu,2017-07-28,14
Chine,Général,Huanqiu,2017-07-29,15
Chine,Général,Huanqiu,2017-07-30,53
Chine,Général,Huanqiu,2017-07-31,126
Chine,Général,Huanqiu,2017-08-01,82
Chine,Général,Huanqiu,2017-08-02,89
Chine,Général,Huanqiu,2017-08-03,90
Chine,Général,Huanqiu,2017-08-04,21
Chine,Général,Huanqiu,2017-08-05,15
Chine,Général,Huanqiu,2017-08-06,42
Chine,Général,Huanqiu,2017-08-07,102
Chine,Général,Huanqiu,2017-08-08,85
Chine,Général,Huanqiu,2017-08-09,71
Chine,Général,Huanqiu,2017-08-10,76
Chine,Général,Huanqiu,2017-08-11,23
Chine,Général,Huanqiu,2017-08-12,6
Chine,Général,Huanqiu,2017-08-13,36
Chine,Général,Huanqiu,2017-08-14,143
Chine,Général,Huanqiu,2017-08-15,128
Chine,Général,Huanqiu,2017-08-16,112
Chine,Général,Huanqiu,2017-08-17,102
Chine,Général,Huanqiu,2017-08-18,16
Chine,Général,Huanqiu,2017-08-19,10
Chine,Général,Huanqiu,2017-08-20,51
Chine,Général,Huanqiu,2017-08-21,134
Chine,Général,Huanqiu,2017-08-22,92
Chine,Général,Huanqiu,2017-08-23,117
Chine,Général,Huanqiu,2017-08-24,118
Chine,Général,Huanqiu,2017-08-25,41
Chine,Général,Huanqiu,2017-08-26,3
Chine,Général,Huanqiu,2017-08-27,81
Chine,Général,Huanqiu,2017-08-28,116
Chine,Général,Huanqiu,2017-08-29,105
Chine,Général,Huanqiu,2017-08-30,119
Chine,Général,Huanqiu,2017-08-31,103
Chine,Général,Huanqiu,2017-09-01,6
Chine,Général,Huanqiu,2017-09-02,8
Chine,Général,Huanqiu,2017-09-03,58
Chine,Général,Huanqiu,2017-09-04,119
Chine,Général,Huanqiu,2017-09-05,100
Chine,Général,Huanqiu,2017-09-06,123
Chine,Général,Huanqiu,2017-09-07,80
Chine,Général,Huanqiu,2017-09-08,13
Chine,Général,Huanqiu,2017-09-09,5
Chine,Général,Huanqiu,2017-09-10,45
Chine,Général,Huanqiu,2017-09-11,92
Chine,Général,Huanqiu,2017-09-12,93
Chine,Général,Huanqiu,2017-09-13,119
Chine,Général,Huanqiu,2017-09-14,41
Chine,Général,Huanqiu,2017-09-15,12
Chine,Général,Huanqiu,2017-09-16,11
Chine,Général,Huanqiu,2017-09-17,72
Chine,Général,Huanqiu,2017-09-18,136
Chine,Général,Huanqiu,2017-09-19,121
Chine,Général,Huanqiu,2017-09-20,95
Chine,Général,Huanqiu,2017-09-21,80
Chine,Général,Huanqiu,2017-09-22,8
Chine,Général,Huanqiu,2017-09-23,6
Chine,Général,Huanqiu,2017-09-24,67
Chine,Général,Huanqiu,2017-09-25,114
Chine,Général,Huanqiu,2017-09-26,99
Chine,Général,Huanqiu,2017-09-27,117
Chine,Général,Huanqiu,2017-09-28,117
Chine,Général,Huanqiu,2017-09-29,95
Chine,Général,Huanqiu,2017-09-30,2
Chine,Général,Huanqiu,2017-10-01,7
Chine,Général,Huanqiu,2017-10-02,35
Chine,Général,Huanqiu,2017-10-03,19
Chine,Général,Huanqiu,2017-10-04,13
Chine,Général,Huanqiu,2017-10-05,15
Chine,Général,Huanqiu,2017-10-06,14
Chine,Général,Huanqiu,2017-10-07,8
Chine,Général,Huanqiu,2017-10-08,61
Chine,Général,Huanqiu,2017-10-09,127
Chine,Général,Huanqiu,2017-10-10,98
Chine,Général,Huanqiu,2017-10-11,98
Chine,Général,Huanqiu,2017-10-12,72
Chine,Général,Huanqiu,2017-10-13,17
Chine,Général,Huanqiu,2017-10-14,8
Chine,Général,Huanqiu,2017-10-15,46
Chine,Général,Huanqiu,2017-10-16,122
Chine,Général,Huanqiu,2017-10-17,94
Chine,Général,Huanqiu,2017-10-18,85
Chine,Général,Huanqiu,2017-10-19,76
Chine,Général,Huanqiu,2017-10-20,19
Chine,Général,Huanqiu,2017-10-21,4
Chine,Général,Huanqiu,2017-10-22,66
Chine,Général,Huanqiu,2017-10-23,109
Chine,Général,Huanqiu,2017-10-24,95
Chine,Général,Huanqiu,2017-10-25,60
Chine,Général,Huanqiu,2017-11-03,9
Chine,Général,Huanqiu,2017-11-04,3
Chine,Général,Huanqiu,2017-11-05,77
Chine,Général,Huanqiu,2017-11-06,126
Chine,Général,Huanqiu,2017-11-07,88
Chine,Général,Huanqiu,2017-11-08,95
Chine,Général,Huanqiu,2017-11-09,102
Chine,Général,Huanqiu,2017-11-10,34
Chine,Général,Huanqiu,2017-11-11,7
Chine,Général,Huanqiu,2017-11-12,58
Chine,Général,Huanqiu,2017-11-13,131
Chine,Général,Huanqiu,2017-11-14,106
Chine,Général,Huanqiu,2017-11-15,83
Chine,Général,Huanqiu,2017-11-16,98
Chine,Général,Huanqiu,2017-11-17,25
Chine,Général,Huanqiu,2017-11-18,7
Chine,Général,Huanqiu,2017-11-19,100
Chine,Général,Huanqiu,2017-11-20,116
Chine,Général,Huanqiu,2017-11-21,96
Chine,Général,Huanqiu,2017-11-22,83
Chine,Général,Huanqiu,2017-11-23,75
Chine,Général,Huanqiu,2017-11-24,16
Chine,Général,Huanqiu,2017-11-25,10
Chine,Général,Huanqiu,2017-11-26,68
Chine,Général,Huanqiu,2017-11-27,113
Chine,Général,Huanqiu,2017-11-28,84
Chine,Général,Huanqiu,2017-11-29,99
Chine,Général,Huanqiu,2017-11-30,95
Chine,Général,Huanqiu,2017-12-01,3
Chine,Général,Huanqiu,2017-12-02,2
Chine,Général,Huanqiu,2017-12-03,67
Chine,Général,Huanqiu,2017-12-04,115
Chine,Général,Huanqiu,2017-12-05,92
Chine,Général,Huanqiu,2017-12-06,98
Chine,Général,Huanqiu,2017-12-07,92
Chine,Général,Huanqiu,2017-12-08,16
Chine,Général,Huanqiu,2017-12-09,12
Chine,Général,Huanqiu,2017-12-10,72
Chine,Général,Huanqiu,2017-12-11,127
Chine,Général,Huanqiu,2017-12-12,100
Chine,Général,Huanqiu,2017-12-13,47
Chine,Général,Huanqiu,2017-12-15,74
Chine,Général,Huanqiu,2017-12-17,56
Chine,Général,Huanqiu,2017-12-18,121
Chine,Général,Huanqiu,2017-12-19,109
Chine,Général,Huanqiu,2017-12-20,83
Chine,Général,Huanqiu,2017-12-21,69
Chine,Général,Huanqiu,2017-12-22,7
Chine,Général,Huanqiu,2017-12-23,14
Chine,Général,Huanqiu,2017-12-24,60
Chine,Général,Huanqiu,2017-12-25,120
Chine,Général,Huanqiu,2017-12-26,81
Chine,Général,Huanqiu,2017-12-27,106
Chine,Général,Huanqiu,2017-12-28,93
Chine,Général,Huanqiu,2017-12-29,13
Chine,Général,Huanqiu,2017-12-30,17
Chine,Général,Huanqiu,2017-12-31,9
Chine,Général,Huanqiu,2018-01-01,119
Chine,Général,Huanqiu,2018-01-02,109
Chine,Général,Huanqiu,2018-01-03,101
Chine,Général,Huanqiu,2018-01-04,89
Chine,Général,Huanqiu,2018-01-05,13
Chine,Général,Huanqiu,2018-01-06,14
Chine,Général,Huanqiu,2018-01-07,84
Chine,Général,Huanqiu,2018-01-08,114
Chine,Général,Huanqiu,2018-01-09,117
Chine,Général,Huanqiu,2018-01-10,123
Chine,Général,Huanqiu,2018-01-11,100
Chine,Général,Huanqiu,2018-01-12,19
Chine,Général,Huanqiu,2018-01-13,6
Chine,Général,Huanqiu,2018-01-14,74
Chine,Général,Huanqiu,2018-01-15,118
Chine,Général,Huanqiu,2018-01-16,98
Chine,Général,Huanqiu,2018-01-17,115
Chine,Général,Huanqiu,2018-01-18,109
Chine,Général,Huanqiu,2018-01-19,9
Chine,Général,Huanqiu,2018-01-20,14
Chine,Général,Huanqiu,2018-01-21,85
Chine,Général,Huanqiu,2018-01-22,136
Chine,Général,Huanqiu,2018-01-23,91
Chine,Général,Huanqiu,2018-01-24,126
Chine,Général,Huanqiu,2018-01-25,103
Chine,Général,Huanqiu,2018-01-26,39
Chine,Général,Huanqiu,2018-01-27,3
Chine,Général,Huanqiu,2018-01-28,84
Chine,Général,Huanqiu,2018-01-29,122
Chine,Général,Huanqiu,2018-01-30,122
Chine,Général,Huanqiu,2018-01-31,121
Chine,Général,Huanqiu,2018-02-01,101
Chine,Général,Huanqiu,2018-02-02,2
Chine,Général,Huanqiu,2018-02-03,21
Chine,Général,Huanqiu,2018-02-04,110
Chine,Général,Huanqiu,2018-02-05,99
Chine,Général,Huanqiu,2018-02-06,40
Chine,Général,Huanqiu,2018-02-07,83
Chine,Général,Huanqiu,2018-02-08,71
Chine,Général,Huanqiu,2018-02-09,7
Chine,Général,Huanqiu,2018-02-10,61
Chine,Général,Huanqiu,2018-02-11,105
Chine,Général,Huanqiu,2018-02-12,69
Chine,Général,Huanqiu,2018-02-13,42
Chine,Général,Huanqiu,2018-02-14,8
Chine,Général,Huanqiu,2018-02-15,15
Chine,Général,Huanqiu,2018-02-16,7
Chine,Général,Huanqiu,2018-02-17,7
Chine,Général,Huanqiu,2018-02-18,6
Chine,Général,Huanqiu,2018-02-19,7
Chine,Général,Huanqiu,2018-02-20,6
Chine,Général,Huanqiu,2018-02-21,59
Chine,Général,Huanqiu,2018-02-22,121
Chine,Général,Huanqiu,2018-02-23,63
Chine,Général,Huanqiu,2018-02-24,9
Chine,Général,Huanqiu,2018-02-25,68
Chine,Général,Huanqiu,2018-02-26,120
Chine,Général,Huanqiu,2018-02-27,86
Chine,Général,Huanqiu,2018-02-28,93
Chine,Général,Huanqiu,2018-03-01,85
Chine,Général,Huanqiu,2018-03-02,14
Chine,Général,Huanqiu,2018-03-03,4
Chine,Général,Huanqiu,2018-03-04,33
Chine,Général,Huanqiu,2018-03-05,62
Chine,Général,Huanqiu,2018-03-06,77
Chine,Général,Huanqiu,2018-03-07,35
Chine,Général,Huanqiu,2018-03-08,44
Chine,Général,Huanqiu,2018-03-09,44
Chine,Général,Huanqiu,2018-03-10,8
Chine,Général,Huanqiu,2018-03-11,40
Chine,Général,Huanqiu,2018-03-12,83
Chine,Général,Huanqiu,2018-03-13,91
Chine,Général,Huanqiu,2018-03-14,90
Chine,Général,Huanqiu,2018-03-15,62
Chine,Général,Huanqiu,2018-03-16,3
Chine,Général,Huanqiu,2018-03-17,8
Chine,Général,Huanqiu,2018-03-18,59
Chine,Général,Huanqiu,2018-03-19,95
Chine,Général,Huanqiu,2018-03-20,78
Chine,Général,Huanqiu,2018-03-21,69
Chine,Général,Huanqiu,2018-03-22,101
Chine,Général,Huanqiu,2018-03-23,19
Chine,Général,Huanqiu,2018-03-24,4
Chine,Général,Huanqiu,2018-03-25,60
Chine,Général,Huanqiu,2018-03-26,59
Chine,Général,Huanqiu,2018-03-27,66
Chine,Général,Huanqiu,2018-03-28,63
Chine,Général,Huanqiu,2018-03-29,30
Chine,Général,Huanqiu,2018-03-30,36
Chine,Général,Huanqiu,2018-03-31,13
Chine,Général,Huanqiu,2018-04-01,41
Chine,Général,Huanqiu,2018-04-02,143
Chine,Général,Huanqiu,2018-04-03,63
Chine,Général,Huanqiu,2018-04-04,5
Chine,Général,Huanqiu,2018-04-05,23
Chine,Général,Huanqiu,2018-04-06,10
Chine,Général,Huanqiu,2018-04-07,38
Chine,Général,Huanqiu,2018-04-08,125
Chine,Général,Huanqiu,2018-04-09,103
Chine,Général,Huanqiu,2018-04-10,93
Chine,Général,Huanqiu,2018-04-11,93
Chine,Général,Huanqiu,2018-04-12,47
Chine,Général,Huanqiu,2018-04-13,68
Chine,Général,Huanqiu,2018-04-14,62
Chine,Général,Huanqiu,2018-04-15,14
Chine,Général,Huanqiu,2018-04-16,97
Chine,Général,Huanqiu,2018-04-17,71
Chine,Général,Huanqiu,2018-04-18,81
Chine,Général,Huanqiu,2018-04-19,100
Chine,Général,Huanqiu,2018-04-20,54
Chine,Général,Huanqiu,2018-04-21,37
Chine,Général,Huanqiu,2018-04-22,56
Chine,Général,Huanqiu,2018-04-23,87
Chine,Général,Huanqiu,2018-04-25,97
Chine,Général,Huanqiu,2018-04-26,98
Chine,Général,Huanqiu,2018-04-27,100
Chine,Général,Huanqiu,2018-04-28,17
Chine,Général,Huanqiu,2018-04-30,19
Chine,Général,Huanqiu,2018-05-01,84
Chine,Général,Huanqiu,2018-05-02,80
Chine,Général,Huanqiu,2018-05-03,98
Chine,Général,Huanqiu,2018-05-04,19
Chine,Général,Huanqiu,2018-05-06,75
Chine,Général,Huanqiu,2018-05-07,83
Chine,Général,Huanqiu,2018-05-08,78
Chine,Général,Huanqiu,2018-05-09,82
Chine,Général,Huanqiu,2018-05-10,94
Chine,Général,Huanqiu,2018-05-11,22
Chine,Général,Huanqiu,2018-05-12,1
Chine,Général,Huanqiu,2018-05-13,67
Chine,Général,Huanqiu,2018-05-14,89
Chine,Général,Huanqiu,2018-05-15,96
Chine,Général,Huanqiu,2018-05-16,94
Chine,Général,Huanqiu,2018-05-17,99
Chine,Général,Huanqiu,2018-05-18,49
Chine,Général,Huanqiu,2018-05-19,14
Chine,Général,Huanqiu,2018-05-20,60
Chine,Général,Huanqiu,2018-05-21,88
Chine,Général,Huanqiu,2018-05-22,99
Chine,Général,Huanqiu,2018-05-23,97
Chine,Général,Huanqiu,2018-05-24,98
Chine,Général,Huanqiu,2018-05-26,82
Chine,Général,Huanqiu,2018-05-27,25
Chine,Général,Huanqiu,2018-05-28,70
Chine,Général,Huanqiu,2018-05-29,100
Chine,Général,Huanqiu,2018-05-30,95
Chine,Général,Huanqiu,2018-05-31,100
Chine,Général,Huanqiu,2018-06-01,63
Chine,Général,Huanqiu,2018-06-03,99
Chine,Général,Huanqiu,2018-06-04,61
Chine,Général,Huanqiu,2018-06-05,98
Chine,Général,Huanqiu,2018-06-06,86
Chine,Général,Huanqiu,2018-06-07,99
Chine,Général,Huanqiu,2018-06-08,18
Chine,Général,Huanqiu,2018-06-10,66
Chine,Général,Huanqiu,2018-06-11,88
Chine,Général,Huanqiu,2018-06-12,89
Chine,Général,Huanqiu,2018-06-13,66
Chine,Général,Huanqiu,2018-06-14,88
Chine,Général,Huanqiu,2018-06-15,4
Chine,Général,Huanqiu,2018-06-16,6
Chine,Général,Huanqiu,2018-06-17,24
Chine,Général,Huanqiu,2018-06-18,80
Chine,Général,Huanqiu,2018-06-19,75
Chine,Général,Huanqiu,2018-06-20,87
Chine,Général,Huanqiu,2018-06-21,81
Chine,Général,Huanqiu,2018-06-22,51
Chine,Général,Huanqiu,2018-06-23,34
Chine,Général,Huanqiu,2018-06-24,65
Chine,Général,Huanqiu,2018-06-25,88
Chine,Général,Huanqiu,2018-06-26,100
Chine,Général,Huanqiu,2018-06-27,97
Chine,Général,Huanqiu,2018-06-28,96
Chine,Général,Huanqiu,2018-06-29,70
Chine,Général,Huanqiu,2018-06-30,1
Chine,Général,Huanqiu,2018-07-01,98
Chine,Général,Huanqiu,2018-07-07,95
Chine,Général,Huanqiu,2018-07-08,17
Chine,Général,Huanqiu,2018-07-09,87
Chine,Général,Huanqiu,2018-07-12,96
Chine,Général,Huanqiu,2018-07-13,59
Chine,Général,Huanqiu,2018-07-15,99
Chine,Général,Huanqiu,2018-07-16,88
Chine,Général,Huanqiu,2018-07-17,98
Chine,Général,Huanqiu,2018-07-18,98
Chine,Général,Huanqiu,2018-07-19,99
Chine,Général,Huanqiu,2018-07-20,97
Chine,Général,Huanqiu,2018-07-24,98
Chine,Général,Huanqiu,2018-07-25,90
Chine,Général,Huanqiu,2018-07-26,99
Chine,Général,Huanqiu,2018-07-27,74
Chine,Général,Huanqiu,2018-07-28,45
Chine,Général,Huanqiu,2018-07-29,44
Chine,Général,Huanqiu,2018-07-30,77
Chine,Général,Huanqiu,2018-07-31,99
Chine,Général,Huanqiu,2018-08-01,100
Chine,Général,Huanqiu,2018-08-02,98
Chine,Général,Huanqiu,2018-08-03,60
Chine,Général,Huanqiu,2018-08-05,86
Chine,Général,Huanqiu,2018-08-06,81
Chine,Général,Huanqiu,2018-08-07,86
Chine,Général,Huanqiu,2018-08-08,71
Chine,Général,Huanqiu,2018-08-09,96
Chine,Général,Huanqiu,2018-08-10,35
Chine,Général,Huanqiu,2018-08-11,42
Chine,Général,Huanqiu,2018-08-12,56
Chine,Général,Huanqiu,2018-08-13,83
Chine,Général,Huanqiu,2018-08-14,95
Chine,Général,Huanqiu,2018-08-15,98
Chine,Général,Huanqiu,2018-08-16,81
Chine,Général,Huanqiu,2018-08-17,53
Chine,Général,Huanqiu,2018-08-19,68
Chine,Général,Huanqiu,2018-08-20,83
Chine,Général,Huanqiu,2018-08-21,87
Chine,Général,Huanqiu,2018-08-22,85
Chine,Général,Huanqiu,2018-08-23,85
Chine,Général,Huanqiu,2018-08-24,30
Chine,Général,Huanqiu,2018-08-25,35
Chine,Général,Huanqiu,2018-08-26,65
Chine,Général,Huanqiu,2018-08-27,97
Chine,Général,Huanqiu,2018-08-28,81
Chine,Général,Huanqiu,2018-08-29,93
Chine,Général,Huanqiu,2018-08-30,95
Chine,Général,Huanqiu,2018-08-31,65
Chine,Général,Huanqiu,2018-09-02,91
Chine,Général,Huanqiu,2018-09-03,74
Chine,Général,Huanqiu,2018-09-04,92
Chine,Général,Huanqiu,2018-09-05,92
Chine,Général,Huanqiu,2018-09-06,98
Chine,Général,Huanqiu,2018-09-07,73
Chine,Général,Huanqiu,2018-09-08,48
Chine,Général,Huanqiu,2018-09-09,50
Chine,Général,Huanqiu,2018-09-10,75
Chine,Général,Huanqiu,2018-09-11,80
Chine,Général,Huanqiu,2018-09-12,89
Chine,Général,Huanqiu,2018-09-13,97
Chine,Général,Huanqiu,2018-09-14,27
Chine,Général,Huanqiu,2018-09-15,4
Chine,Général,Huanqiu,2018-09-16,61
Chine,Général,Huanqiu,2018-09-17,82
Chine,Général,Huanqiu,2018-09-18,99
Chine,Général,Huanqiu,2018-09-19,95
Chine,Général,Huanqiu,2018-09-20,92
Chine,Général,Huanqiu,2018-09-21,34
Chine,Général,Huanqiu,2018-09-23,31
Chine,Général,Huanqiu,2018-09-24,79
Chine,Général,Huanqiu,2018-09-25,80
Chine,Général,Huanqiu,2018-09-29,100
Chine,Général,Sina,2016-05-06,2
Chine,Général,Sina,2016-05-08,1
Chine,Général,Sina,2016-05-10,1
Chine,Général,Sina,2016-05-11,1
Chine,Général,Sina,2016-05-12,2
Chine,Général,Sina,2016-05-13,1
Chine,Général,Sina,2016-05-16,2
Chine,Général,Sina,2016-05-17,3
Chine,Général,Sina,2016-05-18,2
Chine,Général,Sina,2016-05-19,1
Chine,Général,Sina,2016-05-20,1
Chine,Général,Sina,2016-05-21,1
Chine,Général,Sina,2016-05-23,1
Chine,Général,Sina,2016-05-24,2
Chine,Général,Sina,2016-05-25,4
Chine,Général,Sina,2016-05-26,3
Chine,Général,Sina,2016-05-27,1
Chine,Général,Sina,2018-09-29,1
Chine,Général,Sohu,2018-09-29,30
Chine,Général,Caixin,2018-09-29,20
Chine,Général,Ifeng,2017-07-24,20
Chine,Economie,Caijing,2018-04-18,19
Chine,Economie,Caijing,2018-09-29,20
